id,Exited
15000,0
15001,0
15002,0
15003,1
15004,0
15005,0
15006,0
15007,0
15008,0
15009,0
15010,0
15011,1
15012,0
15013,0
15014,0
15015,0
15016,0
15017,0
15018,0
15019,1
15020,0
15021,0
15022,1
15023,0
15024,0
15025,1
15026,0
15027,0
15028,0
15029,0
15030,0
15031,0
15032,0
15033,1
15034,0
15035,1
15036,0
15037,0
15038,0
15039,0
15040,1
15041,0
15042,0
15043,0
15044,0
15045,1
15046,0
15047,1
15048,1
15049,0
15050,0
15051,0
15052,0
15053,0
15054,0
15055,0
15056,0
15057,0
15058,0
15059,0
15060,0
15061,0
15062,0
15063,0
15064,0
15065,0
15066,1
15067,0
15068,0
15069,0
15070,0
15071,0
15072,0
15073,0
15074,0
15075,0
15076,0
15077,0
15078,1
15079,0
15080,0
15081,0
15082,0
15083,0
15084,0
15085,0
15086,0
15087,0
15088,0
15089,0
15090,1
15091,0
15092,1
15093,1
15094,0
15095,0
15096,0
15097,0
15098,0
15099,0
15100,0
15101,0
15102,0
15103,0
15104,0
15105,0
15106,0
15107,1
15108,1
15109,0
15110,0
15111,0
15112,1
15113,0
15114,0
15115,0
15116,0
15117,0
15118,0
15119,0
15120,0
15121,0
15122,0
15123,0
15124,0
15125,0
15126,0
15127,0
15128,0
15129,0
15130,0
15131,1
15132,1
15133,0
15134,0
15135,0
15136,0
15137,0
15138,1
15139,0
15140,0
15141,0
15142,0
15143,0
15144,1
15145,0
15146,0
15147,0
15148,1
15149,0
15150,0
15151,0
15152,1
15153,0
15154,0
15155,0
15156,1
15157,0
15158,0
15159,1
15160,0
15161,0
15162,1
15163,0
15164,1
15165,0
15166,0
15167,0
15168,1
15169,0
15170,0
15171,0
15172,0
15173,0
15174,0
15175,0
15176,0
15177,1
15178,0
15179,0
15180,0
15181,0
15182,0
15183,0
15184,0
15185,0
15186,0
15187,0
15188,0
15189,0
15190,0
15191,0
15192,0
15193,0
15194,0
15195,0
15196,0
15197,0
15198,1
15199,1
15200,0
15201,1
15202,0
15203,0
15204,0
15205,0
15206,0
15207,0
15208,0
15209,1
15210,0
15211,0
15212,1
15213,1
15214,1
15215,1
15216,0
15217,0
15218,0
15219,0
15220,0
15221,0
15222,0
15223,0
15224,0
15225,0
15226,1
15227,1
15228,0
15229,0
15230,0
15231,0
15232,0
15233,0
15234,0
15235,0
15236,0
15237,0
15238,0
15239,0
15240,0
15241,0
15242,0
15243,0
15244,0
15245,0
15246,0
15247,0
15248,1
15249,1
15250,0
15251,0
15252,0
15253,0
15254,0
15255,1
15256,0
15257,1
15258,0
15259,0
15260,0
15261,0
15262,0
15263,0
15264,0
15265,0
15266,1
15267,0
15268,1
15269,0
15270,0
15271,0
15272,0
15273,0
15274,0
15275,0
15276,0
15277,0
15278,0
15279,0
15280,0
15281,0
15282,0
15283,0
15284,0
15285,0
15286,0
15287,0
15288,0
15289,0
15290,1
15291,0
15292,1
15293,0
15294,0
15295,0
15296,0
15297,0
15298,0
15299,0
15300,0
15301,0
15302,0
15303,0
15304,0
15305,1
15306,0
15307,0
15308,0
15309,0
15310,0
15311,0
15312,1
15313,0
15314,1
15315,0
15316,1
15317,0
15318,0
15319,0
15320,0
15321,0
15322,0
15323,1
15324,0
15325,0
15326,0
15327,0
15328,0
15329,0
15330,0
15331,0
15332,0
15333,0
15334,0
15335,0
15336,0
15337,1
15338,0
15339,0
15340,0
15341,0
15342,1
15343,0
15344,0
15345,0
15346,0
15347,1
15348,0
15349,0
15350,0
15351,0
15352,0
15353,0
15354,0
15355,0
15356,1
15357,1
15358,0
15359,0
15360,0
15361,1
15362,0
15363,0
15364,0
15365,0
15366,0
15367,0
15368,0
15369,0
15370,1
15371,0
15372,0
15373,0
15374,0
15375,1
15376,0
15377,0
15378,0
15379,0
15380,1
15381,0
15382,1
15383,0
15384,0
15385,0
15386,0
15387,0
15388,0
15389,0
15390,1
15391,1
15392,0
15393,0
15394,0
15395,0
15396,0
15397,0
15398,0
15399,0
15400,0
15401,0
15402,0
15403,0
15404,0
15405,0
15406,1
15407,0
15408,0
15409,0
15410,0
15411,0
15412,0
15413,0
15414,1
15415,1
15416,0
15417,0
15418,1
15419,0
15420,0
15421,0
15422,0
15423,0
15424,1
15425,0
15426,0
15427,0
15428,0
15429,1
15430,0
15431,1
15432,0
15433,0
15434,0
15435,1
15436,1
15437,1
15438,0
15439,0
15440,0
15441,0
15442,0
15443,0
15444,1
15445,1
15446,0
15447,0
15448,0
15449,0
15450,0
15451,1
15452,0
15453,0
15454,0
15455,0
15456,0
15457,0
15458,1
15459,0
15460,1
15461,1
15462,0
15463,0
15464,0
15465,0
15466,0
15467,0
15468,0
15469,0
15470,0
15471,0
15472,0
15473,0
15474,0
15475,0
15476,1
15477,0
15478,1
15479,0
15480,0
15481,0
15482,0
15483,0
15484,0
15485,0
15486,0
15487,0
15488,0
15489,0
15490,1
15491,0
15492,0
15493,0
15494,0
15495,0
15496,0
15497,0
15498,0
15499,0
15500,0
15501,1
15502,0
15503,0
15504,0
15505,0
15506,0
15507,0
15508,0
15509,0
15510,0
15511,0
15512,0
15513,0
15514,0
15515,0
15516,0
15517,1
15518,0
15519,0
15520,0
15521,0
15522,0
15523,0
15524,0
15525,0
15526,0
15527,0
15528,0
15529,1
15530,0
15531,0
15532,0
15533,0
15534,0
15535,0
15536,1
15537,0
15538,0
15539,0
15540,0
15541,0
15542,0
15543,0
15544,0
15545,0
15546,0
15547,0
15548,0
15549,0
15550,1
15551,0
15552,0
15553,0
15554,0
15555,1
15556,0
15557,1
15558,0
15559,0
15560,0
15561,0
15562,0
15563,0
15564,1
15565,0
15566,0
15567,1
15568,0
15569,1
15570,0
15571,0
15572,0
15573,0
15574,0
15575,1
15576,0
15577,0
15578,0
15579,0
15580,0
15581,0
15582,0
15583,0
15584,0
15585,0
15586,0
15587,0
15588,0
15589,0
15590,0
15591,0
15592,0
15593,0
15594,1
15595,0
15596,1
15597,0
15598,0
15599,1
15600,0
15601,0
15602,1
15603,0
15604,0
15605,0
15606,0
15607,0
15608,1
15609,0
15610,0
15611,0
15612,0
15613,0
15614,0
15615,0
15616,0
15617,1
15618,0
15619,0
15620,0
15621,0
15622,0
15623,0
15624,0
15625,0
15626,0
15627,0
15628,0
15629,1
15630,0
15631,0
15632,0
15633,0
15634,0
15635,0
15636,0
15637,0
15638,0
15639,0
15640,1
15641,0
15642,0
15643,0
15644,0
15645,0
15646,1
15647,1
15648,0
15649,0
15650,1
15651,0
15652,0
15653,0
15654,0
15655,0
15656,0
15657,0
15658,0
15659,0
15660,0
15661,0
15662,0
15663,0
15664,0
15665,0
15666,0
15667,0
15668,0
15669,0
15670,0
15671,1
15672,1
15673,1
15674,1
15675,1
15676,0
15677,0
15678,0
15679,0
15680,0
15681,0
15682,0
15683,0
15684,0
15685,0
15686,0
15687,0
15688,0
15689,0
15690,0
15691,0
15692,0
15693,1
15694,0
15695,0
15696,0
15697,0
15698,0
15699,0
15700,0
15701,0
15702,0
15703,1
15704,0
15705,0
15706,0
15707,0
15708,0
15709,0
15710,0
15711,0
15712,0
15713,0
15714,0
15715,0
15716,0
15717,1
15718,0
15719,0
15720,0
15721,0
15722,1
15723,0
15724,0
15725,0
15726,0
15727,0
15728,0
15729,0
15730,0
15731,0
15732,0
15733,0
15734,0
15735,0
15736,0
15737,0
15738,1
15739,0
15740,0
15741,0
15742,0
15743,0
15744,0
15745,0
15746,0
15747,0
15748,0
15749,1
15750,0
15751,0
15752,0
15753,1
15754,0
15755,0
15756,1
15757,0
15758,0
15759,0
15760,0
15761,0
15762,0
15763,0
15764,1
15765,0
15766,0
15767,1
15768,0
15769,0
15770,0
15771,0
15772,0
15773,1
15774,0
15775,0
15776,0
15777,0
15778,0
15779,0
15780,0
15781,1
15782,0
15783,0
15784,0
15785,0
15786,0
15787,0
15788,0
15789,0
15790,1
15791,0
15792,0
15793,1
15794,0
15795,0
15796,0
15797,0
15798,1
15799,0
15800,1
15801,0
15802,0
15803,0
15804,0
15805,0
15806,0
15807,0
15808,0
15809,0
15810,1
15811,1
15812,0
15813,0
15814,0
15815,0
15816,0
15817,0
15818,1
15819,0
15820,1
15821,1
15822,0
15823,1
15824,0
15825,0
15826,1
15827,0
15828,0
15829,0
15830,0
15831,0
15832,0
15833,0
15834,0
15835,0
15836,0
15837,0
15838,1
15839,0
15840,0
15841,0
15842,0
15843,0
15844,0
15845,0
15846,0
15847,1
15848,0
15849,0
15850,1
15851,1
15852,0
15853,0
15854,0
15855,0
15856,1
15857,0
15858,1
15859,0
15860,0
15861,0
15862,0
15863,0
15864,0
15865,0
15866,0
15867,0
15868,1
15869,0
15870,1
15871,0
15872,0
15873,0
15874,0
15875,0
15876,0
15877,0
15878,0
15879,1
15880,0
15881,0
15882,0
15883,1
15884,0
15885,0
15886,0
15887,0
15888,0
15889,1
15890,0
15891,0
15892,1
15893,0
15894,0
15895,1
15896,0
15897,0
15898,1
15899,0
15900,0
15901,0
15902,0
15903,0
15904,0
15905,0
15906,0
15907,0
15908,0
15909,0
15910,0
15911,0
15912,0
15913,0
15914,0
15915,0
15916,1
15917,0
15918,0
15919,1
15920,0
15921,0
15922,0
15923,1
15924,0
15925,0
15926,0
15927,0
15928,0
15929,0
15930,0
15931,0
15932,0
15933,0
15934,0
15935,0
15936,0
15937,0
15938,0
15939,0
15940,0
15941,0
15942,0
15943,0
15944,0
15945,0
15946,0
15947,0
15948,0
15949,1
15950,0
15951,1
15952,0
15953,0
15954,0
15955,0
15956,0
15957,1
15958,1
15959,0
15960,0
15961,0
15962,0
15963,0
15964,0
15965,0
15966,0
15967,1
15968,0
15969,0
15970,0
15971,0
15972,0
15973,0
15974,1
15975,0
15976,0
15977,0
15978,0
15979,0
15980,1
15981,0
15982,0
15983,0
15984,0
15985,0
15986,1
15987,0
15988,0
15989,0
15990,1
15991,0
15992,0
15993,0
15994,0
15995,0
15996,0
15997,0
15998,1
15999,0
16000,0
16001,0
16002,0
16003,0
16004,0
16005,1
16006,0
16007,1
16008,0
16009,0
16010,1
16011,1
16012,0
16013,0
16014,1
16015,0
16016,1
16017,0
16018,0
16019,0
16020,0
16021,0
16022,0
16023,0
16024,0
16025,0
16026,0
16027,0
16028,0
16029,0
16030,0
16031,1
16032,0
16033,0
16034,0
16035,0
16036,0
16037,1
16038,1
16039,0
16040,0
16041,0
16042,0
16043,0
16044,0
16045,1
16046,1
16047,0
16048,1
16049,0
16050,0
16051,0
16052,0
16053,1
16054,0
16055,0
16056,0
16057,1
16058,0
16059,1
16060,0
16061,0
16062,0
16063,1
16064,1
16065,0
16066,0
16067,0
16068,0
16069,1
16070,1
16071,0
16072,0
16073,0
16074,0
16075,0
16076,0
16077,0
16078,0
16079,1
16080,0
16081,0
16082,0
16083,1
16084,0
16085,0
16086,0
16087,0
16088,1
16089,0
16090,1
16091,0
16092,0
16093,0
16094,0
16095,0
16096,0
16097,1
16098,0
16099,0
16100,0
16101,1
16102,0
16103,0
16104,0
16105,0
16106,0
16107,0
16108,0
16109,0
16110,0
16111,0
16112,0
16113,0
16114,0
16115,1
16116,0
16117,0
16118,0
16119,0
16120,1
16121,1
16122,0
16123,0
16124,0
16125,0
16126,0
16127,0
16128,0
16129,0
16130,1
16131,0
16132,0
16133,0
16134,0
16135,0
16136,1
16137,1
16138,0
16139,0
16140,0
16141,0
16142,0
16143,1
16144,1
16145,0
16146,1
16147,0
16148,0
16149,0
16150,0
16151,0
16152,1
16153,0
16154,0
16155,0
16156,0
16157,0
16158,1
16159,0
16160,1
16161,1
16162,0
16163,0
16164,0
16165,0
16166,0
16167,0
16168,1
16169,1
16170,1
16171,0
16172,0
16173,0
16174,1
16175,0
16176,0
16177,0
16178,0
16179,1
16180,0
16181,0
16182,0
16183,0
16184,0
16185,0
16186,0
16187,0
16188,0
16189,0
16190,0
16191,1
16192,0
16193,0
16194,0
16195,0
16196,0
16197,0
16198,0
16199,0
16200,0
16201,0
16202,0
16203,0
16204,0
16205,1
16206,0
16207,0
16208,1
16209,0
16210,0
16211,0
16212,0
16213,0
16214,0
16215,0
16216,0
16217,0
16218,0
16219,0
16220,0
16221,0
16222,0
16223,1
16224,0
16225,0
16226,0
16227,0
16228,0
16229,0
16230,0
16231,0
16232,0
16233,0
16234,0
16235,0
16236,0
16237,0
16238,0
16239,0
16240,0
16241,0
16242,0
16243,0
16244,0
16245,0
16246,0
16247,0
16248,0
16249,0
16250,0
16251,0
16252,0
16253,0
16254,0
16255,0
16256,0
16257,0
16258,0
16259,0
16260,0
16261,1
16262,0
16263,0
16264,0
16265,0
16266,0
16267,0
16268,1
16269,0
16270,0
16271,0
16272,0
16273,0
16274,0
16275,0
16276,1
16277,0
16278,0
16279,0
16280,0
16281,0
16282,0
16283,0
16284,0
16285,0
16286,0
16287,0
16288,0
16289,1
16290,1
16291,0
16292,0
16293,1
16294,0
16295,1
16296,0
16297,1
16298,0
16299,1
16300,0
16301,0
16302,0
16303,0
16304,1
16305,0
16306,0
16307,0
16308,1
16309,1
16310,0
16311,0
16312,1
16313,0
16314,0
16315,1
16316,1
16317,0
16318,0
16319,0
16320,0
16321,0
16322,0
16323,0
16324,0
16325,0
16326,1
16327,0
16328,1
16329,0
16330,0
16331,0
16332,0
16333,0
16334,1
16335,0
16336,0
16337,0
16338,0
16339,0
16340,1
16341,1
16342,0
16343,1
16344,0
16345,0
16346,0
16347,0
16348,0
16349,0
16350,0
16351,0
16352,0
16353,1
16354,0
16355,0
16356,0
16357,0
16358,0
16359,0
16360,0
16361,0
16362,0
16363,1
16364,0
16365,0
16366,0
16367,0
16368,1
16369,0
16370,0
16371,1
16372,0
16373,1
16374,0
16375,1
16376,0
16377,1
16378,0
16379,0
16380,0
16381,0
16382,1
16383,0
16384,0
16385,1
16386,0
16387,0
16388,0
16389,0
16390,0
16391,0
16392,0
16393,0
16394,0
16395,0
16396,0
16397,0
16398,0
16399,0
16400,0
16401,0
16402,1
16403,0
16404,0
16405,0
16406,0
16407,1
16408,0
16409,0
16410,0
16411,0
16412,1
16413,0
16414,0
16415,0
16416,0
16417,0
16418,0
16419,0
16420,0
16421,0
16422,0
16423,0
16424,0
16425,0
16426,0
16427,0
16428,0
16429,0
16430,0
16431,1
16432,0
16433,0
16434,0
16435,0
16436,0
16437,0
16438,0
16439,0
16440,0
16441,0
16442,0
16443,0
16444,0
16445,0
16446,1
16447,0
16448,0
16449,0
16450,0
16451,0
16452,0
16453,0
16454,0
16455,0
16456,0
16457,0
16458,1
16459,1
16460,0
16461,0
16462,0
16463,0
16464,0
16465,0
16466,0
16467,0
16468,0
16469,0
16470,0
16471,1
16472,0
16473,0
16474,0
16475,0
16476,0
16477,0
16478,0
16479,0
16480,0
16481,0
16482,0
16483,0
16484,1
16485,1
16486,0
16487,1
16488,0
16489,0
16490,0
16491,1
16492,0
16493,0
16494,0
16495,0
16496,0
16497,0
16498,0
16499,0
16500,0
16501,0
16502,0
16503,0
16504,0
16505,0
16506,0
16507,0
16508,1
16509,0
16510,0
16511,0
16512,0
16513,0
16514,0
16515,0
16516,1
16517,0
16518,0
16519,0
16520,0
16521,1
16522,0
16523,0
16524,1
16525,1
16526,0
16527,0
16528,0
16529,0
16530,0
16531,1
16532,0
16533,0
16534,0
16535,0
16536,0
16537,1
16538,0
16539,0
16540,1
16541,0
16542,0
16543,0
16544,1
16545,1
16546,0
16547,0
16548,0
16549,0
16550,0
16551,0
16552,0
16553,1
16554,0
16555,0
16556,0
16557,0
16558,0
16559,1
16560,0
16561,0
16562,1
16563,0
16564,0
16565,0
16566,0
16567,0
16568,0
16569,0
16570,1
16571,0
16572,1
16573,0
16574,0
16575,1
16576,0
16577,0
16578,0
16579,0
16580,0
16581,0
16582,0
16583,0
16584,0
16585,1
16586,0
16587,0
16588,0
16589,0
16590,0
16591,0
16592,0
16593,0
16594,0
16595,0
16596,0
16597,0
16598,0
16599,0
16600,0
16601,1
16602,0
16603,0
16604,1
16605,1
16606,0
16607,0
16608,0
16609,0
16610,0
16611,1
16612,0
16613,0
16614,0
16615,1
16616,0
16617,1
16618,0
16619,0
16620,0
16621,0
16622,1
16623,0
16624,1
16625,0
16626,0
16627,0
16628,0
16629,0
16630,1
16631,1
16632,0
16633,0
16634,1
16635,0
16636,0
16637,0
16638,0
16639,0
16640,0
16641,0
16642,0
16643,0
16644,0
16645,1
16646,0
16647,0
16648,0
16649,0
16650,0
16651,1
16652,1
16653,0
16654,0
16655,0
16656,1
16657,0
16658,0
16659,0
16660,0
16661,1
16662,0
16663,0
16664,0
16665,0
16666,0
16667,0
16668,0
16669,0
16670,1
16671,1
16672,0
16673,1
16674,0
16675,0
16676,0
16677,0
16678,1
16679,0
16680,0
16681,0
16682,0
16683,0
16684,0
16685,0
16686,0
16687,1
16688,0
16689,0
16690,0
16691,0
16692,1
16693,0
16694,0
16695,0
16696,0
16697,0
16698,0
16699,0
16700,0
16701,0
16702,1
16703,0
16704,0
16705,0
16706,0
16707,0
16708,0
16709,0
16710,0
16711,0
16712,0
16713,0
16714,0
16715,0
16716,0
16717,1
16718,1
16719,0
16720,0
16721,0
16722,0
16723,0
16724,0
16725,0
16726,0
16727,0
16728,0
16729,0
16730,0
16731,0
16732,0
16733,0
16734,0
16735,0
16736,1
16737,1
16738,0
16739,1
16740,0
16741,0
16742,1
16743,0
16744,0
16745,0
16746,0
16747,1
16748,1
16749,0
16750,0
16751,0
16752,1
16753,0
16754,1
16755,0
16756,1
16757,0
16758,0
16759,0
16760,0
16761,1
16762,0
16763,1
16764,0
16765,0
16766,0
16767,0
16768,0
16769,0
16770,0
16771,0
16772,1
16773,1
16774,1
16775,1
16776,0
16777,0
16778,1
16779,1
16780,0
16781,0
16782,0
16783,0
16784,0
16785,1
16786,0
16787,1
16788,1
16789,1
16790,0
16791,0
16792,0
16793,0
16794,0
16795,0
16796,0
16797,0
16798,0
16799,0
16800,1
16801,0
16802,0
16803,0
16804,0
16805,0
16806,0
16807,0
16808,0
16809,1
16810,0
16811,0
16812,0
16813,0
16814,0
16815,0
16816,1
16817,0
16818,0
16819,0
16820,0
16821,0
16822,0
16823,0
16824,1
16825,0
16826,0
16827,0
16828,0
16829,1
16830,1
16831,0
16832,0
16833,0
16834,0
16835,0
16836,0
16837,0
16838,0
16839,0
16840,0
16841,1
16842,0
16843,0
16844,0
16845,0
16846,1
16847,0
16848,0
16849,1
16850,0
16851,0
16852,0
16853,0
16854,0
16855,0
16856,1
16857,1
16858,0
16859,0
16860,0
16861,0
16862,0
16863,1
16864,1
16865,0
16866,0
16867,0
16868,0
16869,0
16870,0
16871,0
16872,0
16873,0
16874,0
16875,0
16876,0
16877,0
16878,0
16879,0
16880,0
16881,0
16882,1
16883,0
16884,0
16885,0
16886,1
16887,0
16888,1
16889,0
16890,0
16891,0
16892,0
16893,0
16894,0
16895,0
16896,0
16897,0
16898,0
16899,1
16900,1
16901,0
16902,0
16903,1
16904,0
16905,0
16906,1
16907,0
16908,0
16909,0
16910,1
16911,0
16912,0
16913,0
16914,0
16915,1
16916,0
16917,0
16918,0
16919,0
16920,0
16921,0
16922,0
16923,1
16924,0
16925,0
16926,0
16927,0
16928,0
16929,1
16930,0
16931,0
16932,0
16933,0
16934,1
16935,0
16936,0
16937,0
16938,0
16939,0
16940,0
16941,0
16942,0
16943,0
16944,0
16945,0
16946,0
16947,0
16948,0
16949,0
16950,0
16951,0
16952,0
16953,0
16954,0
16955,0
16956,0
16957,0
16958,1
16959,0
16960,0
16961,0
16962,1
16963,1
16964,0
16965,0
16966,0
16967,0
16968,1
16969,0
16970,0
16971,1
16972,0
16973,0
16974,0
16975,0
16976,0
16977,0
16978,0
16979,1
16980,0
16981,0
16982,1
16983,0
16984,0
16985,1
16986,0
16987,0
16988,0
16989,0
16990,0
16991,0
16992,0
16993,1
16994,0
16995,0
16996,0
16997,0
16998,0
16999,0
17000,0
17001,0
17002,0
17003,0
17004,1
17005,0
17006,0
17007,0
17008,0
17009,1
17010,0
17011,0
17012,0
17013,0
17014,0
17015,0
17016,0
17017,0
17018,0
17019,0
17020,0
17021,0
17022,0
17023,0
17024,1
17025,0
17026,1
17027,0
17028,0
17029,0
17030,0
17031,0
17032,0
17033,0
17034,0
17035,0
17036,0
17037,0
17038,0
17039,0
17040,0
17041,0
17042,0
17043,0
17044,0
17045,1
17046,0
17047,1
17048,0
17049,0
17050,0
17051,0
17052,1
17053,1
17054,0
17055,0
17056,0
17057,0
17058,0
17059,0
17060,0
17061,0
17062,0
17063,0
17064,0
17065,1
17066,0
17067,0
17068,0
17069,0
17070,0
17071,0
17072,0
17073,0
17074,0
17075,0
17076,1
17077,0
17078,0
17079,0
17080,0
17081,1
17082,0
17083,0
17084,0
17085,1
17086,0
17087,0
17088,0
17089,0
17090,0
17091,0
17092,0
17093,0
17094,0
17095,0
17096,0
17097,0
17098,0
17099,0
17100,0
17101,0
17102,0
17103,0
17104,0
17105,0
17106,0
17107,0
17108,0
17109,0
17110,0
17111,0
17112,0
17113,0
17114,0
17115,1
17116,0
17117,0
17118,1
17119,1
17120,0
17121,0
17122,0
17123,0
17124,0
17125,0
17126,0
17127,0
17128,0
17129,0
17130,1
17131,0
17132,0
17133,0
17134,0
17135,0
17136,0
17137,0
17138,0
17139,0
17140,0
17141,0
17142,0
17143,0
17144,0
17145,0
17146,0
17147,0
17148,0
17149,0
17150,1
17151,0
17152,0
17153,0
17154,0
17155,0
17156,0
17157,0
17158,0
17159,1
17160,0
17161,0
17162,0
17163,1
17164,0
17165,0
17166,1
17167,0
17168,0
17169,0
17170,0
17171,0
17172,1
17173,1
17174,0
17175,0
17176,0
17177,0
17178,0
17179,0
17180,0
17181,0
17182,0
17183,0
17184,0
17185,0
17186,0
17187,0
17188,1
17189,0
17190,0
17191,0
17192,0
17193,0
17194,0
17195,1
17196,0
17197,0
17198,0
17199,1
17200,0
17201,0
17202,0
17203,0
17204,0
17205,0
17206,0
17207,0
17208,0
17209,0
17210,0
17211,0
17212,0
17213,0
17214,0
17215,0
17216,0
17217,0
17218,0
17219,0
17220,0
17221,0
17222,0
17223,0
17224,0
17225,0
17226,0
17227,0
17228,0
17229,0
17230,1
17231,1
17232,0
17233,0
17234,0
17235,1
17236,0
17237,1
17238,1
17239,0
17240,0
17241,0
17242,0
17243,0
17244,0
17245,0
17246,0
17247,1
17248,0
17249,0
17250,0
17251,0
17252,0
17253,1
17254,0
17255,1
17256,1
17257,0
17258,1
17259,0
17260,0
17261,0
17262,0
17263,0
17264,0
17265,0
17266,1
17267,0
17268,0
17269,0
17270,0
17271,0
17272,0
17273,1
17274,0
17275,0
17276,1
17277,0
17278,0
17279,0
17280,0
17281,0
17282,0
17283,1
17284,0
17285,1
17286,0
17287,0
17288,0
17289,1
17290,1
17291,0
17292,0
17293,0
17294,0
17295,0
17296,0
17297,0
17298,0
17299,0
17300,0
17301,0
17302,1
17303,0
17304,0
17305,0
17306,1
17307,0
17308,0
17309,1
17310,0
17311,0
17312,0
17313,0
17314,0
17315,0
17316,0
17317,0
17318,0
17319,0
17320,0
17321,0
17322,0
17323,0
17324,0
17325,1
17326,0
17327,1
17328,1
17329,0
17330,0
17331,1
17332,0
17333,0
17334,0
17335,0
17336,0
17337,0
17338,0
17339,0
17340,0
17341,0
17342,0
17343,0
17344,1
17345,0
17346,0
17347,0
17348,0
17349,0
17350,1
17351,0
17352,1
17353,0
17354,1
17355,0
17356,1
17357,1
17358,0
17359,0
17360,0
17361,0
17362,0
17363,0
17364,0
17365,0
17366,0
17367,0
17368,0
17369,0
17370,0
17371,0
17372,1
17373,1
17374,0
17375,0
17376,0
17377,0
17378,0
17379,0
17380,0
17381,1
17382,0
17383,0
17384,0
17385,0
17386,0
17387,0
17388,0
17389,0
17390,1
17391,0
17392,0
17393,0
17394,0
17395,0
17396,0
17397,1
17398,0
17399,0
17400,0
17401,0
17402,1
17403,0
17404,1
17405,0
17406,0
17407,0
17408,0
17409,0
17410,1
17411,0
17412,0
17413,0
17414,1
17415,0
17416,0
17417,0
17418,0
17419,0
17420,1
17421,0
17422,0
17423,0
17424,0
17425,0
17426,0
17427,0
17428,0
17429,0
17430,0
17431,0
17432,0
17433,0
17434,0
17435,0
17436,0
17437,0
17438,1
17439,0
17440,1
17441,0
17442,0
17443,1
17444,0
17445,0
17446,0
17447,0
17448,0
17449,0
17450,0
17451,0
17452,0
17453,0
17454,0
17455,0
17456,0
17457,1
17458,0
17459,0
17460,0
17461,1
17462,1
17463,0
17464,0
17465,1
17466,0
17467,0
17468,0
17469,0
17470,0
17471,0
17472,1
17473,0
17474,0
17475,0
17476,0
17477,0
17478,0
17479,0
17480,0
17481,0
17482,0
17483,0
17484,0
17485,0
17486,0
17487,0
17488,0
17489,1
17490,0
17491,0
17492,0
17493,0
17494,0
17495,0
17496,0
17497,0
17498,0
17499,0
17500,0
17501,0
17502,0
17503,0
17504,0
17505,0
17506,1
17507,0
17508,0
17509,0
17510,0
17511,1
17512,0
17513,0
17514,0
17515,0
17516,0
17517,0
17518,0
17519,0
17520,1
17521,1
17522,0
17523,0
17524,0
17525,1
17526,0
17527,0
17528,0
17529,0
17530,0
17531,0
17532,1
17533,0
17534,0
17535,1
17536,0
17537,0
17538,0
17539,0
17540,0
17541,0
17542,0
17543,1
17544,0
17545,0
17546,0
17547,0
17548,1
17549,0
17550,0
17551,1
17552,0
17553,0
17554,0
17555,0
17556,0
17557,0
17558,0
17559,0
17560,0
17561,0
17562,0
17563,0
17564,0
17565,0
17566,0
17567,0
17568,0
17569,0
17570,1
17571,0
17572,0
17573,0
17574,0
17575,0
17576,0
17577,0
17578,0
17579,0
17580,0
17581,0
17582,0
17583,0
17584,0
17585,0
17586,0
17587,1
17588,0
17589,1
17590,0
17591,0
17592,0
17593,0
17594,0
17595,0
17596,1
17597,0
17598,0
17599,0
17600,0
17601,0
17602,0
17603,1
17604,0
17605,0
17606,0
17607,0
17608,0
17609,0
17610,0
17611,0
17612,0
17613,0
17614,0
17615,0
17616,0
17617,0
17618,0
17619,0
17620,0
17621,0
17622,0
17623,1
17624,0
17625,0
17626,0
17627,0
17628,0
17629,0
17630,0
17631,0
17632,1
17633,0
17634,0
17635,1
17636,1
17637,0
17638,0
17639,0
17640,0
17641,0
17642,0
17643,1
17644,0
17645,0
17646,0
17647,0
17648,0
17649,0
17650,0
17651,0
17652,1
17653,0
17654,0
17655,0
17656,0
17657,0
17658,0
17659,0
17660,1
17661,0
17662,0
17663,0
17664,0
17665,0
17666,0
17667,0
17668,1
17669,0
17670,0
17671,0
17672,0
17673,0
17674,0
17675,0
17676,0
17677,0
17678,0
17679,0
17680,1
17681,0
17682,0
17683,0
17684,0
17685,0
17686,0
17687,0
17688,0
17689,1
17690,0
17691,0
17692,0
17693,0
17694,0
17695,0
17696,0
17697,0
17698,0
17699,0
17700,1
17701,0
17702,0
17703,0
17704,1
17705,0
17706,1
17707,0
17708,0
17709,0
17710,0
17711,0
17712,0
17713,0
17714,0
17715,0
17716,1
17717,0
17718,0
17719,0
17720,0
17721,0
17722,0
17723,0
17724,1
17725,0
17726,0
17727,0
17728,0
17729,0
17730,1
17731,1
17732,0
17733,0
17734,0
17735,0
17736,0
17737,0
17738,0
17739,1
17740,0
17741,0
17742,0
17743,0
17744,0
17745,0
17746,0
17747,0
17748,1
17749,0
17750,0
17751,0
17752,0
17753,0
17754,0
17755,1
17756,0
17757,0
17758,1
17759,0
17760,0
17761,0
17762,0
17763,0
17764,0
17765,0
17766,0
17767,1
17768,0
17769,0
17770,1
17771,0
17772,0
17773,0
17774,0
17775,0
17776,0
17777,0
17778,0
17779,0
17780,0
17781,1
17782,0
17783,0
17784,1
17785,0
17786,0
17787,1
17788,1
17789,0
17790,1
17791,1
17792,0
17793,0
17794,0
17795,0
17796,0
17797,0
17798,0
17799,1
17800,0
17801,0
17802,1
17803,0
17804,0
17805,0
17806,0
17807,0
17808,0
17809,0
17810,0
17811,0
17812,0
17813,1
17814,0
17815,0
17816,0
17817,0
17818,0
17819,0
17820,0
17821,0
17822,0
17823,0
17824,1
17825,1
17826,0
17827,0
17828,0
17829,1
17830,0
17831,0
17832,0
17833,0
17834,0
17835,0
17836,0
17837,1
17838,0
17839,0
17840,0
17841,0
17842,1
17843,0
17844,0
17845,0
17846,0
17847,0
17848,0
17849,0
17850,0
17851,0
17852,1
17853,0
17854,0
17855,0
17856,0
17857,0
17858,0
17859,0
17860,1
17861,0
17862,0
17863,0
17864,0
17865,0
17866,0
17867,0
17868,0
17869,0
17870,0
17871,0
17872,0
17873,0
17874,1
17875,0
17876,0
17877,1
17878,0
17879,0
17880,0
17881,0
17882,0
17883,0
17884,0
17885,1
17886,1
17887,0
17888,0
17889,0
17890,0
17891,1
17892,0
17893,0
17894,0
17895,0
17896,0
17897,0
17898,0
17899,0
17900,0
17901,0
17902,0
17903,0
17904,0
17905,1
17906,0
17907,0
17908,0
17909,1
17910,0
17911,0
17912,0
17913,0
17914,0
17915,0
17916,0
17917,1
17918,0
17919,0
17920,0
17921,0
17922,0
17923,0
17924,1
17925,0
17926,1
17927,0
17928,1
17929,0
17930,1
17931,1
17932,0
17933,1
17934,0
17935,0
17936,0
17937,0
17938,0
17939,0
17940,0
17941,0
17942,0
17943,0
17944,0
17945,1
17946,0
17947,1
17948,0
17949,0
17950,0
17951,0
17952,0
17953,0
17954,0
17955,0
17956,1
17957,0
17958,0
17959,1
17960,0
17961,0
17962,1
17963,0
17964,0
17965,0
17966,0
17967,1
17968,0
17969,0
17970,0
17971,0
17972,0
17973,0
17974,0
17975,0
17976,0
17977,0
17978,0
17979,0
17980,0
17981,0
17982,0
17983,0
17984,0
17985,1
17986,0
17987,0
17988,0
17989,0
17990,0
17991,0
17992,0
17993,0
17994,0
17995,0
17996,0
17997,1
17998,0
17999,0
18000,1
18001,0
18002,1
18003,1
18004,0
18005,0
18006,0
18007,0
18008,1
18009,1
18010,0
18011,0
18012,1
18013,0
18014,0
18015,0
18016,0
18017,0
18018,0
18019,1
18020,0
18021,0
18022,0
18023,0
18024,0
18025,0
18026,0
18027,0
18028,0
18029,0
18030,0
18031,0
18032,1
18033,0
18034,0
18035,1
18036,0
18037,1
18038,0
18039,1
18040,0
18041,0
18042,0
18043,0
18044,0
18045,0
18046,0
18047,0
18048,0
18049,0
18050,0
18051,0
18052,1
18053,0
18054,0
18055,0
18056,0
18057,0
18058,1
18059,0
18060,1
18061,0
18062,1
18063,0
18064,0
18065,0
18066,0
18067,0
18068,0
18069,0
18070,0
18071,0
18072,0
18073,0
18074,0
18075,0
18076,0
18077,0
18078,0
18079,0
18080,1
18081,1
18082,0
18083,0
18084,1
18085,0
18086,0
18087,0
18088,0
18089,0
18090,0
18091,0
18092,0
18093,0
18094,0
18095,0
18096,0
18097,0
18098,0
18099,0
18100,0
18101,0
18102,0
18103,0
18104,1
18105,1
18106,0
18107,0
18108,0
18109,0
18110,0
18111,0
18112,0
18113,0
18114,0
18115,0
18116,0
18117,0
18118,0
18119,0
18120,0
18121,0
18122,0
18123,0
18124,0
18125,0
18126,1
18127,0
18128,0
18129,0
18130,0
18131,0
18132,1
18133,0
18134,0
18135,0
18136,0
18137,0
18138,0
18139,0
18140,0
18141,0
18142,0
18143,0
18144,0
18145,0
18146,0
18147,0
18148,0
18149,0
18150,0
18151,0
18152,0
18153,0
18154,0
18155,0
18156,1
18157,0
18158,1
18159,0
18160,1
18161,0
18162,0
18163,0
18164,0
18165,1
18166,0
18167,0
18168,1
18169,0
18170,0
18171,0
18172,1
18173,0
18174,0
18175,0
18176,0
18177,0
18178,0
18179,0
18180,0
18181,0
18182,0
18183,0
18184,0
18185,0
18186,1
18187,0
18188,0
18189,0
18190,0
18191,0
18192,0
18193,0
18194,1
18195,1
18196,0
18197,0
18198,0
18199,0
18200,0
18201,0
18202,0
18203,0
18204,0
18205,0
18206,0
18207,0
18208,0
18209,0
18210,0
18211,0
18212,1
18213,0
18214,1
18215,0
18216,0
18217,1
18218,0
18219,0
18220,0
18221,1
18222,0
18223,0
18224,1
18225,0
18226,0
18227,0
18228,0
18229,0
18230,1
18231,0
18232,0
18233,0
18234,0
18235,1
18236,0
18237,0
18238,0
18239,1
18240,0
18241,0
18242,0
18243,0
18244,0
18245,1
18246,0
18247,0
18248,0
18249,0
18250,0
18251,0
18252,1
18253,0
18254,0
18255,0
18256,0
18257,0
18258,0
18259,1
18260,0
18261,0
18262,1
18263,0
18264,1
18265,0
18266,1
18267,1
18268,0
18269,0
18270,0
18271,0
18272,0
18273,0
18274,0
18275,0
18276,0
18277,0
18278,0
18279,1
18280,1
18281,1
18282,0
18283,0
18284,0
18285,0
18286,1
18287,0
18288,0
18289,0
18290,0
18291,0
18292,0
18293,0
18294,1
18295,0
18296,0
18297,0
18298,0
18299,0
18300,1
18301,0
18302,0
18303,0
18304,0
18305,0
18306,0
18307,0
18308,1
18309,0
18310,0
18311,1
18312,1
18313,0
18314,0
18315,0
18316,0
18317,0
18318,0
18319,0
18320,0
18321,0
18322,0
18323,0
18324,0
18325,0
18326,0
18327,0
18328,0
18329,0
18330,1
18331,0
18332,0
18333,0
18334,0
18335,0
18336,0
18337,0
18338,0
18339,0
18340,1
18341,0
18342,0
18343,0
18344,0
18345,0
18346,0
18347,0
18348,0
18349,0
18350,0
18351,0
18352,1
18353,0
18354,1
18355,0
18356,0
18357,0
18358,1
18359,0
18360,0
18361,0
18362,0
18363,0
18364,0
18365,0
18366,0
18367,0
18368,0
18369,0
18370,1
18371,0
18372,0
18373,0
18374,1
18375,0
18376,0
18377,0
18378,0
18379,0
18380,0
18381,1
18382,0
18383,0
18384,0
18385,0
18386,0
18387,0
18388,0
18389,0
18390,0
18391,0
18392,0
18393,0
18394,0
18395,0
18396,0
18397,0
18398,0
18399,0
18400,0
18401,0
18402,1
18403,0
18404,0
18405,1
18406,0
18407,1
18408,1
18409,0
18410,0
18411,0
18412,0
18413,0
18414,0
18415,0
18416,0
18417,0
18418,0
18419,0
18420,0
18421,0
18422,1
18423,0
18424,0
18425,0
18426,0
18427,0
18428,0
18429,0
18430,1
18431,0
18432,1
18433,1
18434,0
18435,0
18436,0
18437,0
18438,1
18439,0
18440,0
18441,0
18442,1
18443,0
18444,0
18445,0
18446,1
18447,1
18448,0
18449,0
18450,1
18451,1
18452,1
18453,0
18454,0
18455,0
18456,0
18457,0
18458,0
18459,1
18460,0
18461,0
18462,1
18463,0
18464,0
18465,0
18466,0
18467,0
18468,1
18469,0
18470,1
18471,0
18472,0
18473,0
18474,0
18475,0
18476,0
18477,0
18478,0
18479,0
18480,0
18481,0
18482,0
18483,0
18484,0
18485,1
18486,0
18487,1
18488,0
18489,0
18490,0
18491,0
18492,0
18493,0
18494,0
18495,0
18496,0
18497,0
18498,0
18499,0
18500,0
18501,0
18502,0
18503,1
18504,0
18505,0
18506,0
18507,1
18508,0
18509,0
18510,0
18511,1
18512,0
18513,0
18514,1
18515,0
18516,0
18517,0
18518,0
18519,0
18520,0
18521,0
18522,0
18523,0
18524,0
18525,1
18526,0
18527,0
18528,1
18529,0
18530,0
18531,0
18532,1
18533,0
18534,0
18535,1
18536,0
18537,1
18538,0
18539,0
18540,0
18541,0
18542,1
18543,0
18544,0
18545,0
18546,0
18547,0
18548,1
18549,1
18550,0
18551,0
18552,0
18553,1
18554,0
18555,1
18556,0
18557,0
18558,0
18559,1
18560,0
18561,0
18562,0
18563,0
18564,0
18565,0
18566,0
18567,0
18568,0
18569,1
18570,0
18571,0
18572,0
18573,0
18574,0
18575,0
18576,0
18577,0
18578,1
18579,0
18580,1
18581,0
18582,0
18583,0
18584,0
18585,1
18586,0
18587,0
18588,0
18589,1
18590,0
18591,0
18592,0
18593,0
18594,0
18595,0
18596,0
18597,0
18598,0
18599,0
18600,0
18601,0
18602,0
18603,0
18604,0
18605,0
18606,0
18607,0
18608,0
18609,1
18610,0
18611,0
18612,0
18613,0
18614,0
18615,1
18616,0
18617,1
18618,0
18619,1
18620,0
18621,0
18622,1
18623,0
18624,1
18625,0
18626,0
18627,0
18628,0
18629,0
18630,1
18631,0
18632,0
18633,0
18634,1
18635,1
18636,0
18637,0
18638,0
18639,0
18640,0
18641,0
18642,0
18643,0
18644,0
18645,0
18646,0
18647,0
18648,0
18649,1
18650,0
18651,0
18652,1
18653,0
18654,0
18655,0
18656,0
18657,0
18658,0
18659,0
18660,0
18661,1
18662,0
18663,0
18664,0
18665,1
18666,0
18667,0
18668,0
18669,0
18670,0
18671,1
18672,0
18673,1
18674,0
18675,0
18676,1
18677,0
18678,0
18679,0
18680,0
18681,0
18682,0
18683,0
18684,0
18685,0
18686,0
18687,1
18688,0
18689,0
18690,0
18691,0
18692,0
18693,1
18694,0
18695,1
18696,0
18697,0
18698,1
18699,1
18700,0
18701,0
18702,0
18703,0
18704,1
18705,0
18706,1
18707,0
18708,0
18709,0
18710,0
18711,1
18712,0
18713,0
18714,0
18715,0
18716,0
18717,0
18718,0
18719,0
18720,0
18721,0
18722,0
18723,1
18724,1
18725,0
18726,0
18727,0
18728,0
18729,0
18730,0
18731,0
18732,0
18733,0
18734,0
18735,1
18736,0
18737,0
18738,0
18739,0
18740,0
18741,0
18742,0
18743,0
18744,1
18745,0
18746,1
18747,0
18748,0
18749,0
18750,0
18751,1
18752,0
18753,0
18754,1
18755,0
18756,0
18757,0
18758,0
18759,0
18760,1
18761,0
18762,0
18763,0
18764,1
18765,0
18766,1
18767,0
18768,1
18769,0
18770,0
18771,0
18772,0
18773,0
18774,1
18775,1
18776,0
18777,1
18778,0
18779,1
18780,0
18781,1
18782,0
18783,0
18784,0
18785,0
18786,0
18787,0
18788,0
18789,0
18790,0
18791,0
18792,1
18793,0
18794,0
18795,0
18796,0
18797,0
18798,0
18799,1
18800,0
18801,0
18802,0
18803,0
18804,0
18805,0
18806,0
18807,0
18808,0
18809,0
18810,0
18811,0
18812,0
18813,0
18814,0
18815,0
18816,0
18817,1
18818,0
18819,0
18820,0
18821,0
18822,0
18823,0
18824,0
18825,0
18826,1
18827,1
18828,1
18829,1
18830,0
18831,0
18832,0
18833,0
18834,0
18835,0
18836,1
18837,0
18838,0
18839,0
18840,1
18841,0
18842,0
18843,0
18844,0
18845,0
18846,0
18847,0
18848,0
18849,0
18850,0
18851,0
18852,0
18853,1
18854,0
18855,0
18856,1
18857,0
18858,0
18859,0
18860,0
18861,0
18862,0
18863,0
18864,0
18865,0
18866,1
18867,1
18868,0
18869,0
18870,0
18871,0
18872,0
18873,0
18874,0
18875,0
18876,0
18877,1
18878,0
18879,1
18880,1
18881,0
18882,0
18883,0
18884,0
18885,0
18886,0
18887,0
18888,0
18889,0
18890,0
18891,0
18892,0
18893,0
18894,0
18895,0
18896,0
18897,0
18898,0
18899,0
18900,0
18901,0
18902,0
18903,0
18904,0
18905,0
18906,0
18907,1
18908,0
18909,0
18910,0
18911,0
18912,0
18913,0
18914,0
18915,0
18916,0
18917,0
18918,0
18919,1
18920,0
18921,0
18922,0
18923,0
18924,0
18925,0
18926,0
18927,0
18928,0
18929,0
18930,0
18931,0
18932,0
18933,0
18934,1
18935,0
18936,0
18937,0
18938,1
18939,0
18940,0
18941,0
18942,1
18943,1
18944,0
18945,0
18946,0
18947,0
18948,0
18949,0
18950,0
18951,0
18952,0
18953,0
18954,0
18955,0
18956,0
18957,1
18958,0
18959,0
18960,1
18961,0
18962,0
18963,0
18964,0
18965,0
18966,0
18967,0
18968,0
18969,0
18970,0
18971,0
18972,0
18973,0
18974,0
18975,1
18976,0
18977,0
18978,0
18979,0
18980,0
18981,0
18982,1
18983,0
18984,0
18985,1
18986,0
18987,0
18988,0
18989,1
18990,0
18991,0
18992,1
18993,0
18994,0
18995,0
18996,1
18997,1
18998,0
18999,0
19000,0
19001,0
19002,0
19003,0
19004,0
19005,0
19006,0
19007,0
19008,0
19009,0
19010,0
19011,0
19012,0
19013,0
19014,1
19015,1
19016,0
19017,0
19018,1
19019,0
19020,0
19021,0
19022,0
19023,0
19024,0
19025,0
19026,0
19027,0
19028,1
19029,0
19030,0
19031,0
19032,0
19033,0
19034,0
19035,0
19036,0
19037,0
19038,0
19039,0
19040,0
19041,0
19042,0
19043,0
19044,0
19045,1
19046,1
19047,0
19048,0
19049,0
19050,0
19051,0
19052,0
19053,0
19054,0
19055,1
19056,0
19057,0
19058,1
19059,0
19060,0
19061,0
19062,0
19063,0
19064,0
19065,0
19066,0
19067,0
19068,0
19069,1
19070,0
19071,0
19072,0
19073,0
19074,0
19075,0
19076,0
19077,0
19078,1
19079,1
19080,0
19081,0
19082,0
19083,1
19084,0
19085,0
19086,0
19087,0
19088,0
19089,0
19090,1
19091,0
19092,0
19093,0
19094,0
19095,0
19096,1
19097,1
19098,1
19099,0
19100,0
19101,0
19102,0
19103,0
19104,0
19105,0
19106,1
19107,0
19108,0
19109,0
19110,0
19111,0
19112,0
19113,0
19114,0
19115,0
19116,0
19117,1
19118,1
19119,0
19120,1
19121,0
19122,0
19123,0
19124,1
19125,0
19126,0
19127,0
19128,0
19129,0
19130,0
19131,0
19132,0
19133,1
19134,0
19135,0
19136,0
19137,0
19138,0
19139,1
19140,0
19141,0
19142,1
19143,0
19144,0
19145,0
19146,0
19147,0
19148,0
19149,0
19150,0
19151,0
19152,0
19153,0
19154,0
19155,0
19156,0
19157,0
19158,0
19159,0
19160,0
19161,0
19162,0
19163,0
19164,0
19165,0
19166,0
19167,1
19168,0
19169,0
19170,0
19171,0
19172,1
19173,1
19174,0
19175,0
19176,0
19177,0
19178,0
19179,0
19180,0
19181,0
19182,0
19183,1
19184,0
19185,0
19186,0
19187,0
19188,0
19189,0
19190,0
19191,1
19192,0
19193,0
19194,1
19195,0
19196,0
19197,0
19198,0
19199,0
19200,0
19201,0
19202,0
19203,0
19204,1
19205,0
19206,0
19207,0
19208,1
19209,0
19210,0
19211,1
19212,0
19213,0
19214,0
19215,0
19216,0
19217,0
19218,0
19219,0
19220,1
19221,0
19222,0
19223,0
19224,0
19225,0
19226,0
19227,0
19228,0
19229,0
19230,0
19231,1
19232,0
19233,0
19234,0
19235,0
19236,0
19237,0
19238,1
19239,0
19240,0
19241,0
19242,1
19243,0
19244,1
19245,0
19246,0
19247,0
19248,0
19249,0
19250,0
19251,0
19252,0
19253,0
19254,0
19255,0
19256,0
19257,0
19258,0
19259,0
19260,0
19261,0
19262,0
19263,0
19264,0
19265,0
19266,1
19267,1
19268,0
19269,0
19270,1
19271,0
19272,0
19273,0
19274,0
19275,0
19276,0
19277,1
19278,0
19279,0
19280,0
19281,1
19282,0
19283,0
19284,1
19285,0
19286,0
19287,0
19288,1
19289,0
19290,0
19291,0
19292,0
19293,0
19294,0
19295,0
19296,0
19297,0
19298,0
19299,0
19300,0
19301,0
19302,0
19303,1
19304,0
19305,0
19306,0
19307,1
19308,0
19309,0
19310,0
19311,0
19312,0
19313,1
19314,0
19315,0
19316,0
19317,0
19318,1
19319,0
19320,0
19321,0
19322,0
19323,0
19324,1
19325,0
19326,0
19327,0
19328,0
19329,0
19330,0
19331,0
19332,0
19333,0
19334,0
19335,0
19336,0
19337,1
19338,0
19339,0
19340,0
19341,0
19342,0
19343,0
19344,0
19345,0
19346,0
19347,0
19348,0
19349,0
19350,0
19351,0
19352,0
19353,0
19354,1
19355,1
19356,0
19357,1
19358,0
19359,0
19360,0
19361,0
19362,0
19363,0
19364,0
19365,0
19366,0
19367,0
19368,0
19369,0
19370,0
19371,0
19372,0
19373,0
19374,0
19375,0
19376,0
19377,0
19378,0
19379,0
19380,0
19381,0
19382,0
19383,0
19384,1
19385,0
19386,0
19387,0
19388,0
19389,1
19390,0
19391,0
19392,0
19393,1
19394,0
19395,1
19396,0
19397,0
19398,0
19399,0
19400,0
19401,0
19402,0
19403,0
19404,1
19405,0
19406,0
19407,0
19408,0
19409,0
19410,0
19411,0
19412,0
19413,0
19414,1
19415,0
19416,1
19417,0
19418,0
19419,0
19420,1
19421,0
19422,0
19423,0
19424,0
19425,0
19426,0
19427,1
19428,0
19429,0
19430,0
19431,0
19432,0
19433,0
19434,0
19435,0
19436,0
19437,1
19438,0
19439,0
19440,0
19441,1
19442,0
19443,0
19444,0
19445,0
19446,0
19447,0
19448,0
19449,0
19450,0
19451,1
19452,0
19453,1
19454,0
19455,0
19456,0
19457,0
19458,0
19459,1
19460,0
19461,0
19462,0
19463,0
19464,0
19465,0
19466,0
19467,0
19468,0
19469,0
19470,0
19471,0
19472,0
19473,0
19474,0
19475,0
19476,0
19477,0
19478,0
19479,0
19480,0
19481,0
19482,0
19483,0
19484,0
19485,0
19486,0
19487,0
19488,0
19489,0
19490,0
19491,1
19492,0
19493,0
19494,0
19495,1
19496,0
19497,0
19498,0
19499,1
19500,0
19501,0
19502,0
19503,0
19504,1
19505,0
19506,0
19507,1
19508,1
19509,0
19510,0
19511,0
19512,1
19513,0
19514,0
19515,0
19516,0
19517,0
19518,0
19519,0
19520,0
19521,0
19522,0
19523,0
19524,0
19525,0
19526,0
19527,0
19528,0
19529,0
19530,0
19531,0
19532,0
19533,0
19534,0
19535,0
19536,0
19537,0
19538,0
19539,1
19540,0
19541,0
19542,0
19543,1
19544,0
19545,1
19546,0
19547,0
19548,1
19549,0
19550,0
19551,0
19552,0
19553,0
19554,0
19555,0
19556,0
19557,0
19558,1
19559,0
19560,0
19561,1
19562,0
19563,0
19564,0
19565,0
19566,0
19567,0
19568,0
19569,0
19570,0
19571,0
19572,1
19573,0
19574,0
19575,0
19576,0
19577,0
19578,0
19579,0
19580,0
19581,0
19582,0
19583,0
19584,1
19585,1
19586,0
19587,0
19588,0
19589,0
19590,0
19591,0
19592,0
19593,1
19594,0
19595,0
19596,0
19597,0
19598,0
19599,0
19600,0
19601,0
19602,1
19603,0
19604,1
19605,0
19606,0
19607,0
19608,0
19609,1
19610,0
19611,0
19612,0
19613,0
19614,0
19615,0
19616,0
19617,0
19618,0
19619,0
19620,0
19621,1
19622,0
19623,0
19624,0
19625,0
19626,0
19627,0
19628,0
19629,0
19630,0
19631,1
19632,0
19633,0
19634,0
19635,0
19636,0
19637,0
19638,0
19639,0
19640,0
19641,0
19642,0
19643,1
19644,0
19645,0
19646,0
19647,0
19648,1
19649,0
19650,0
19651,0
19652,0
19653,0
19654,0
19655,0
19656,1
19657,0
19658,1
19659,1
19660,0
19661,0
19662,0
19663,0
19664,0
19665,0
19666,0
19667,0
19668,1
19669,0
19670,1
19671,0
19672,0
19673,0
19674,0
19675,1
19676,0
19677,0
19678,0
19679,0
19680,1
19681,0
19682,0
19683,1
19684,0
19685,0
19686,0
19687,0
19688,0
19689,1
19690,0
19691,0
19692,0
19693,0
19694,0
19695,0
19696,0
19697,0
19698,0
19699,0
19700,0
19701,0
19702,0
19703,0
19704,0
19705,0
19706,0
19707,0
19708,1
19709,1
19710,0
19711,0
19712,0
19713,1
19714,0
19715,0
19716,0
19717,0
19718,0
19719,1
19720,0
19721,0
19722,0
19723,0
19724,0
19725,0
19726,0
19727,0
19728,0
19729,0
19730,0
19731,0
19732,0
19733,0
19734,1
19735,0
19736,0
19737,0
19738,0
19739,0
19740,0
19741,0
19742,0
19743,1
19744,0
19745,0
19746,1
19747,1
19748,0
19749,0
19750,0
19751,0
19752,0
19753,0
19754,0
19755,0
19756,0
19757,0
19758,0
19759,0
19760,1
19761,1
19762,0
19763,0
19764,0
19765,0
19766,0
19767,0
19768,0
19769,0
19770,0
19771,1
19772,0
19773,1
19774,0
19775,0
19776,0
19777,0
19778,0
19779,0
19780,1
19781,0
19782,1
19783,0
19784,0
19785,0
19786,0
19787,0
19788,1
19789,0
19790,1
19791,0
19792,0
19793,0
19794,0
19795,1
19796,1
19797,0
19798,0
19799,0
19800,0
19801,0
19802,0
19803,0
19804,1
19805,1
19806,0
19807,0
19808,1
19809,0
19810,0
19811,0
19812,0
19813,0
19814,0
19815,0
19816,1
19817,1
19818,1
19819,0
19820,1
19821,0
19822,0
19823,0
19824,0
19825,0
19826,0
19827,0
19828,1
19829,0
19830,1
19831,0
19832,0
19833,0
19834,0
19835,0
19836,0
19837,0
19838,0
19839,0
19840,0
19841,0
19842,1
19843,0
19844,1
19845,0
19846,0
19847,0
19848,0
19849,0
19850,0
19851,0
19852,0
19853,0
19854,0
19855,0
19856,0
19857,0
19858,0
19859,1
19860,0
19861,0
19862,1
19863,0
19864,0
19865,0
19866,0
19867,0
19868,0
19869,0
19870,1
19871,0
19872,0
19873,0
19874,0
19875,0
19876,0
19877,0
19878,0
19879,0
19880,0
19881,1
19882,0
19883,0
19884,0
19885,0
19886,0
19887,0
19888,0
19889,1
19890,0
19891,1
19892,0
19893,1
19894,1
19895,1
19896,1
19897,0
19898,1
19899,1
19900,1
19901,0
19902,0
19903,1
19904,1
19905,0
19906,1
19907,0
19908,1
19909,1
19910,1
19911,0
19912,0
19913,0
19914,0
19915,0
19916,0
19917,0
19918,0
19919,0
19920,1
19921,0
19922,0
19923,0
19924,0
19925,0
19926,0
19927,0
19928,0
19929,0
19930,0
19931,0
19932,0
19933,0
19934,0
19935,0
19936,0
19937,0
19938,0
19939,0
19940,0
19941,0
19942,0
19943,0
19944,0
19945,0
19946,0
19947,1
19948,0
19949,0
19950,0
19951,0
19952,0
19953,0
19954,0
19955,0
19956,0
19957,0
19958,0
19959,0
19960,0
19961,0
19962,0
19963,0
19964,0
19965,0
19966,0
19967,1
19968,1
19969,0
19970,1
19971,0
19972,0
19973,0
19974,0
19975,0
19976,1
19977,1
19978,0
19979,0
19980,1
19981,0
19982,1
19983,0
19984,0
19985,1
19986,0
19987,0
19988,0
19989,0
19990,0
19991,0
19992,0
19993,0
19994,0
19995,0
19996,0
19997,1
19998,1
19999,0
20000,1
20001,0
20002,0
20003,0
20004,0
20005,0
20006,0
20007,0
20008,1
20009,0
20010,0
20011,0
20012,1
20013,1
20014,0
20015,1
20016,0
20017,0
20018,0
20019,0
20020,0
20021,0
20022,0
20023,0
20024,0
20025,0
20026,0
20027,0
20028,1
20029,0
20030,0
20031,1
20032,1
20033,0
20034,1
20035,0
20036,1
20037,0
20038,1
20039,1
20040,0
20041,0
20042,1
20043,0
20044,0
20045,0
20046,0
20047,0
20048,0
20049,0
20050,0
20051,1
20052,0
20053,0
20054,1
20055,0
20056,0
20057,0
20058,0
20059,0
20060,0
20061,0
20062,0
20063,0
20064,0
20065,0
20066,0
20067,0
20068,0
20069,0
20070,0
20071,0
20072,0
20073,0
20074,0
20075,0
20076,0
20077,0
20078,1
20079,0
20080,0
20081,0
20082,0
20083,1
20084,0
20085,0
20086,1
20087,0
20088,0
20089,1
20090,0
20091,0
20092,0
20093,0
20094,0
20095,0
20096,0
20097,0
20098,0
20099,1
20100,0
20101,0
20102,0
20103,0
20104,0
20105,0
20106,0
20107,0
20108,1
20109,0
20110,0
20111,1
20112,0
20113,1
20114,0
20115,0
20116,0
20117,0
20118,0
20119,0
20120,0
20121,0
20122,0
20123,1
20124,0
20125,0
20126,1
20127,0
20128,0
20129,1
20130,0
20131,0
20132,1
20133,0
20134,0
20135,0
20136,0
20137,0
20138,0
20139,0
20140,0
20141,0
20142,0
20143,0
20144,0
20145,1
20146,0
20147,0
20148,1
20149,0
20150,1
20151,0
20152,0
20153,0
20154,0
20155,0
20156,0
20157,1
20158,0
20159,1
20160,0
20161,0
20162,1
20163,0
20164,0
20165,1
20166,1
20167,0
20168,0
20169,0
20170,0
20171,0
20172,0
20173,0
20174,0
20175,0
20176,0
20177,0
20178,0
20179,1
20180,0
20181,0
20182,0
20183,0
20184,0
20185,0
20186,0
20187,0
20188,0
20189,0
20190,0
20191,0
20192,0
20193,0
20194,1
20195,1
20196,0
20197,0
20198,0
20199,0
20200,0
20201,0
20202,0
20203,0
20204,0
20205,1
20206,0
20207,0
20208,0
20209,0
20210,0
20211,0
20212,0
20213,0
20214,0
20215,0
20216,0
20217,1
20218,0
20219,0
20220,0
20221,0
20222,0
20223,0
20224,0
20225,0
20226,0
20227,0
20228,0
20229,0
20230,0
20231,0
20232,0
20233,0
20234,0
20235,0
20236,0
20237,0
20238,0
20239,1
20240,0
20241,0
20242,0
20243,1
20244,0
20245,0
20246,1
20247,0
20248,0
20249,1
20250,0
20251,0
20252,1
20253,0
20254,0
20255,0
20256,0
20257,0
20258,0
20259,0
20260,0
20261,0
20262,0
20263,0
20264,1
20265,0
20266,0
20267,0
20268,0
20269,0
20270,0
20271,0
20272,1
20273,0
20274,0
20275,0
20276,0
20277,0
20278,0
20279,0
20280,0
20281,0
20282,0
20283,0
20284,0
20285,0
20286,1
20287,1
20288,1
20289,0
20290,0
20291,0
20292,1
20293,1
20294,1
20295,1
20296,0
20297,0
20298,0
20299,1
20300,0
20301,0
20302,0
20303,0
20304,0
20305,0
20306,0
20307,0
20308,0
20309,0
20310,0
20311,0
20312,0
20313,1
20314,0
20315,1
20316,0
20317,0
20318,0
20319,0
20320,0
20321,0
20322,0
20323,1
20324,0
20325,0
20326,0
20327,0
20328,1
20329,0
20330,0
20331,0
20332,0
20333,1
20334,0
20335,0
20336,0
20337,0
20338,0
20339,0
20340,0
20341,0
20342,0
20343,0
20344,0
20345,0
20346,0
20347,0
20348,0
20349,0
20350,0
20351,1
20352,0
20353,0
20354,0
20355,0
20356,0
20357,0
20358,0
20359,0
20360,0
20361,1
20362,0
20363,1
20364,0
20365,0
20366,1
20367,0
20368,1
20369,0
20370,1
20371,0
20372,0
20373,0
20374,0
20375,0
20376,1
20377,0
20378,0
20379,1
20380,0
20381,0
20382,0
20383,0
20384,0
20385,0
20386,0
20387,0
20388,0
20389,0
20390,1
20391,0
20392,0
20393,0
20394,0
20395,0
20396,1
20397,0
20398,0
20399,0
20400,0
20401,0
20402,1
20403,0
20404,0
20405,0
20406,0
20407,0
20408,0
20409,0
20410,0
20411,0
20412,1
20413,0
20414,1
20415,0
20416,0
20417,0
20418,0
20419,0
20420,0
20421,0
20422,0
20423,0
20424,0
20425,0
20426,0
20427,0
20428,0
20429,0
20430,0
20431,0
20432,0
20433,0
20434,0
20435,0
20436,0
20437,1
20438,0
20439,0
20440,1
20441,0
20442,0
20443,0
20444,0
20445,1
20446,0
20447,0
20448,0
20449,0
20450,0
20451,0
20452,0
20453,0
20454,0
20455,0
20456,1
20457,0
20458,0
20459,1
20460,0
20461,1
20462,1
20463,0
20464,1
20465,0
20466,0
20467,0
20468,0
20469,0
20470,0
20471,1
20472,1
20473,0
20474,0
20475,0
20476,0
20477,0
20478,0
20479,0
20480,0
20481,0
20482,0
20483,0
20484,1
20485,1
20486,0
20487,1
20488,0
20489,0
20490,0
20491,0
20492,0
20493,0
20494,0
20495,1
20496,0
20497,1
20498,0
20499,0
20500,1
20501,0
20502,0
20503,0
20504,1
20505,0
20506,0
20507,0
20508,0
20509,0
20510,0
20511,0
20512,1
20513,0
20514,0
20515,0
20516,0
20517,0
20518,1
20519,1
20520,0
20521,0
20522,1
20523,0
20524,1
20525,0
20526,0
20527,0
20528,0
20529,0
20530,0
20531,0
20532,0
20533,0
20534,0
20535,0
20536,0
20537,1
20538,0
20539,0
20540,0
20541,0
20542,1
20543,1
20544,0
20545,0
20546,1
20547,0
20548,0
20549,0
20550,0
20551,0
20552,0
20553,0
20554,0
20555,1
20556,0
20557,0
20558,1
20559,0
20560,0
20561,0
20562,0
20563,0
20564,1
20565,0
20566,0
20567,0
20568,1
20569,0
20570,0
20571,0
20572,0
20573,0
20574,0
20575,0
20576,0
20577,1
20578,0
20579,0
20580,0
20581,0
20582,0
20583,0
20584,0
20585,0
20586,0
20587,0
20588,0
20589,0
20590,0
20591,0
20592,0
20593,0
20594,0
20595,0
20596,0
20597,0
20598,0
20599,0
20600,0
20601,0
20602,0
20603,0
20604,0
20605,0
20606,0
20607,0
20608,0
20609,0
20610,0
20611,1
20612,0
20613,1
20614,0
20615,0
20616,0
20617,0
20618,0
20619,0
20620,1
20621,1
20622,0
20623,0
20624,1
20625,0
20626,0
20627,0
20628,0
20629,1
20630,0
20631,0
20632,0
20633,0
20634,1
20635,1
20636,0
20637,0
20638,0
20639,0
20640,1
20641,0
20642,0
20643,0
20644,0
20645,0
20646,0
20647,0
20648,0
20649,0
20650,0
20651,0
20652,0
20653,0
20654,0
20655,1
20656,0
20657,0
20658,0
20659,0
20660,0
20661,0
20662,1
20663,0
20664,0
20665,1
20666,0
20667,0
20668,1
20669,0
20670,1
20671,0
20672,0
20673,0
20674,0
20675,0
20676,0
20677,0
20678,0
20679,0
20680,0
20681,0
20682,0
20683,0
20684,0
20685,1
20686,0
20687,0
20688,0
20689,0
20690,0
20691,0
20692,0
20693,1
20694,0
20695,1
20696,0
20697,0
20698,0
20699,0
20700,0
20701,0
20702,0
20703,0
20704,0
20705,0
20706,0
20707,0
20708,0
20709,0
20710,0
20711,0
20712,0
20713,0
20714,0
20715,0
20716,0
20717,0
20718,0
20719,0
20720,0
20721,0
20722,0
20723,0
20724,0
20725,1
20726,0
20727,0
20728,0
20729,1
20730,1
20731,0
20732,0
20733,0
20734,0
20735,0
20736,0
20737,0
20738,0
20739,0
20740,0
20741,0
20742,1
20743,0
20744,0
20745,0
20746,0
20747,0
20748,0
20749,1
20750,0
20751,1
20752,0
20753,0
20754,0
20755,0
20756,1
20757,0
20758,0
20759,1
20760,0
20761,0
20762,0
20763,0
20764,0
20765,0
20766,0
20767,0
20768,1
20769,0
20770,0
20771,0
20772,0
20773,0
20774,0
20775,0
20776,0
20777,0
20778,1
20779,0
20780,1
20781,0
20782,1
20783,0
20784,0
20785,1
20786,0
20787,0
20788,1
20789,0
20790,0
20791,0
20792,0
20793,0
20794,0
20795,0
20796,0
20797,0
20798,0
20799,0
20800,0
20801,0
20802,1
20803,0
20804,0
20805,0
20806,0
20807,0
20808,0
20809,0
20810,1
20811,0
20812,0
20813,1
20814,0
20815,0
20816,0
20817,0
20818,0
20819,0
20820,0
20821,1
20822,0
20823,0
20824,0
20825,1
20826,0
20827,1
20828,0
20829,0
20830,1
20831,0
20832,1
20833,0
20834,0
20835,1
20836,0
20837,0
20838,0
20839,0
20840,0
20841,0
20842,0
20843,0
20844,0
20845,0
20846,0
20847,0
20848,0
20849,0
20850,0
20851,1
20852,0
20853,0
20854,0
20855,0
20856,1
20857,0
20858,0
20859,0
20860,0
20861,0
20862,0
20863,1
20864,0
20865,0
20866,0
20867,1
20868,0
20869,1
20870,0
20871,0
20872,0
20873,0
20874,0
20875,0
20876,0
20877,1
20878,0
20879,1
20880,1
20881,0
20882,0
20883,0
20884,0
20885,0
20886,0
20887,0
20888,0
20889,0
20890,0
20891,1
20892,0
20893,0
20894,0
20895,1
20896,1
20897,0
20898,1
20899,0
20900,0
20901,0
20902,1
20903,0
20904,0
20905,0
20906,0
20907,1
20908,0
20909,0
20910,0
20911,0
20912,0
20913,0
20914,0
20915,0
20916,0
20917,0
20918,0
20919,0
20920,0
20921,1
20922,0
20923,0
20924,1
20925,0
20926,0
20927,0
20928,0
20929,1
20930,0
20931,1
20932,1
20933,0
20934,0
20935,0
20936,0
20937,0
20938,0
20939,0
20940,0
20941,1
20942,0
20943,1
20944,0
20945,0
20946,0
20947,1
20948,0
20949,1
20950,0
20951,0
20952,0
20953,0
20954,0
20955,0
20956,0
20957,1
20958,0
20959,0
20960,1
20961,0
20962,1
20963,0
20964,0
20965,0
20966,0
20967,0
20968,0
20969,1
20970,1
20971,0
20972,1
20973,0
20974,0
20975,1
20976,0
20977,1
20978,0
20979,0
20980,0
20981,0
20982,1
20983,0
20984,0
20985,0
20986,1
20987,0
20988,0
20989,0
20990,0
20991,0
20992,1
20993,1
20994,0
20995,0
20996,1
20997,0
20998,1
20999,1
21000,0
21001,0
21002,1
21003,0
21004,0
21005,1
21006,0
21007,0
21008,0
21009,1
21010,0
21011,0
21012,0
21013,0
21014,0
21015,0
21016,0
21017,0
21018,0
21019,0
21020,0
21021,1
21022,0
21023,0
21024,0
21025,0
21026,0
21027,1
21028,0
21029,0
21030,0
21031,1
21032,0
21033,0
21034,0
21035,0
21036,0
21037,0
21038,1
21039,1
21040,0
21041,0
21042,0
21043,1
21044,0
21045,0
21046,0
21047,0
21048,0
21049,0
21050,0
21051,0
21052,1
21053,0
21054,0
21055,0
21056,0
21057,0
21058,1
21059,1
21060,0
21061,0
21062,0
21063,1
21064,0
21065,0
21066,0
21067,0
21068,0
21069,0
21070,1
21071,0
21072,0
21073,1
21074,1
21075,0
21076,0
21077,1
21078,0
21079,1
21080,1
21081,0
21082,0
21083,0
21084,0
21085,0
21086,0
21087,1
21088,0
21089,0
21090,0
21091,0
21092,0
21093,0
21094,0
21095,1
21096,1
21097,1
21098,0
21099,1
21100,0
21101,0
21102,0
21103,0
21104,0
21105,1
21106,0
21107,0
21108,0
21109,0
21110,0
21111,0
21112,1
21113,1
21114,0
21115,0
21116,1
21117,1
21118,0
21119,0
21120,0
21121,0
21122,0
21123,0
21124,0
21125,0
21126,0
21127,0
21128,0
21129,0
21130,0
21131,0
21132,0
21133,0
21134,0
21135,0
21136,0
21137,0
21138,0
21139,0
21140,0
21141,0
21142,0
21143,0
21144,0
21145,0
21146,0
21147,0
21148,0
21149,0
21150,0
21151,0
21152,0
21153,0
21154,1
21155,1
21156,0
21157,0
21158,0
21159,0
21160,1
21161,0
21162,0
21163,1
21164,0
21165,0
21166,0
21167,0
21168,1
21169,0
21170,0
21171,0
21172,1
21173,0
21174,0
21175,0
21176,1
21177,0
21178,1
21179,0
21180,0
21181,1
21182,0
21183,0
21184,0
21185,1
21186,0
21187,0
21188,0
21189,1
21190,0
21191,0
21192,1
21193,0
21194,0
21195,0
21196,1
21197,0
21198,0
21199,0
21200,0
21201,0
21202,0
21203,1
21204,0
21205,0
21206,1
21207,0
21208,0
21209,0
21210,0
21211,0
21212,0
21213,0
21214,0
21215,0
21216,0
21217,0
21218,0
21219,0
21220,0
21221,1
21222,0
21223,0
21224,0
21225,0
21226,0
21227,0
21228,1
21229,0
21230,0
21231,0
21232,0
21233,0
21234,0
21235,0
21236,0
21237,0
21238,1
21239,0
21240,0
21241,0
21242,0
21243,1
21244,0
21245,0
21246,0
21247,0
21248,0
21249,0
21250,1
21251,0
21252,0
21253,0
21254,0
21255,0
21256,0
21257,1
21258,0
21259,0
21260,0
21261,0
21262,0
21263,0
21264,0
21265,0
21266,0
21267,0
21268,0
21269,0
21270,0
21271,1
21272,0
21273,1
21274,1
21275,0
21276,0
21277,0
21278,0
21279,0
21280,0
21281,0
21282,0
21283,1
21284,0
21285,1
21286,0
21287,0
21288,0
21289,0
21290,1
21291,1
21292,0
21293,0
21294,1
21295,0
21296,0
21297,0
21298,0
21299,0
21300,0
21301,0
21302,1
21303,1
21304,1
21305,1
21306,0
21307,0
21308,1
21309,0
21310,0
21311,0
21312,0
21313,0
21314,0
21315,0
21316,0
21317,0
21318,0
21319,0
21320,0
21321,1
21322,0
21323,0
21324,0
21325,0
21326,1
21327,0
21328,0
21329,0
21330,1
21331,0
21332,0
21333,1
21334,0
21335,1
21336,1
21337,0
21338,0
21339,0
21340,1
21341,0
21342,1
21343,0
21344,1
21345,1
21346,1
21347,0
21348,0
21349,0
21350,0
21351,0
21352,1
21353,0
21354,1
21355,1
21356,0
21357,0
21358,0
21359,0
21360,0
21361,1
21362,1
21363,1
21364,0
21365,0
21366,1
21367,0
21368,1
21369,0
21370,0
21371,0
21372,0
21373,0
21374,1
21375,0
21376,0
21377,0
21378,0
21379,0
21380,1
21381,0
21382,0
21383,0
21384,0
21385,0
21386,0
21387,0
21388,0
21389,0
21390,0
21391,1
21392,0
21393,0
21394,0
21395,0
21396,0
21397,0
21398,0
21399,0
21400,0
21401,0
21402,0
21403,0
21404,1
21405,1
21406,0
21407,0
21408,0
21409,0
21410,1
21411,0
21412,0
21413,0
21414,0
21415,1
21416,1
21417,0
21418,0
21419,0
21420,0
21421,0
21422,0
21423,0
21424,0
21425,0
21426,0
21427,0
21428,1
21429,1
21430,0
21431,0
21432,0
21433,0
21434,0
21435,0
21436,0
21437,0
21438,1
21439,0
21440,1
21441,0
21442,0
21443,0
21444,0
21445,0
21446,0
21447,0
21448,0
21449,0
21450,0
21451,0
21452,1
21453,0
21454,0
21455,1
21456,0
21457,0
21458,0
21459,0
21460,0
21461,0
21462,0
21463,0
21464,0
21465,0
21466,0
21467,0
21468,0
21469,0
21470,0
21471,0
21472,0
21473,0
21474,0
21475,0
21476,0
21477,0
21478,0
21479,0
21480,0
21481,0
21482,0
21483,0
21484,0
21485,0
21486,0
21487,1
21488,0
21489,0
21490,0
21491,0
21492,0
21493,1
21494,0
21495,0
21496,0
21497,1
21498,0
21499,0
21500,0
21501,0
21502,1
21503,0
21504,0
21505,0
21506,0
21507,0
21508,0
21509,0
21510,0
21511,0
21512,0
21513,1
21514,0
21515,1
21516,0
21517,0
21518,0
21519,0
21520,0
21521,0
21522,0
21523,0
21524,0
21525,0
21526,0
21527,1
21528,0
21529,1
21530,0
21531,0
21532,0
21533,0
21534,1
21535,0
21536,0
21537,0
21538,0
21539,0
21540,0
21541,0
21542,0
21543,0
21544,0
21545,0
21546,0
21547,0
21548,0
21549,0
21550,0
21551,1
21552,0
21553,0
21554,1
21555,0
21556,0
21557,0
21558,0
21559,0
21560,0
21561,0
21562,0
21563,0
21564,1
21565,0
21566,0
21567,0
21568,1
21569,0
21570,0
21571,0
21572,0
21573,1
21574,0
21575,0
21576,0
21577,0
21578,0
21579,0
21580,0
21581,0
21582,0
21583,0
21584,0
21585,0
21586,0
21587,0
21588,0
21589,0
21590,0
21591,0
21592,0
21593,0
21594,0
21595,0
21596,0
21597,0
21598,0
21599,0
21600,0
21601,0
21602,0
21603,0
21604,0
21605,0
21606,0
21607,0
21608,0
21609,0
21610,0
21611,1
21612,0
21613,0
21614,0
21615,0
21616,0
21617,0
21618,0
21619,0
21620,0
21621,0
21622,0
21623,0
21624,0
21625,0
21626,0
21627,0
21628,0
21629,0
21630,0
21631,0
21632,0
21633,0
21634,0
21635,0
21636,0
21637,1
21638,1
21639,0
21640,0
21641,0
21642,0
21643,0
21644,0
21645,0
21646,0
21647,0
21648,0
21649,0
21650,0
21651,1
21652,1
21653,1
21654,0
21655,0
21656,0
21657,0
21658,0
21659,0
21660,1
21661,0
21662,0
21663,0
21664,0
21665,0
21666,1
21667,0
21668,0
21669,0
21670,1
21671,0
21672,1
21673,0
21674,0
21675,0
21676,0
21677,0
21678,0
21679,0
21680,0
21681,0
21682,0
21683,1
21684,0
21685,0
21686,0
21687,1
21688,0
21689,0
21690,0
21691,0
21692,0
21693,0
21694,0
21695,0
21696,0
21697,1
21698,1
21699,0
21700,0
21701,0
21702,0
21703,0
21704,0
21705,0
21706,0
21707,0
21708,0
21709,0
21710,0
21711,0
21712,0
21713,1
21714,0
21715,0
21716,0
21717,0
21718,0
21719,0
21720,0
21721,0
21722,0
21723,0
21724,0
21725,0
21726,0
21727,0
21728,1
21729,0
21730,0
21731,0
21732,0
21733,0
21734,0
21735,0
21736,0
21737,0
21738,1
21739,0
21740,0
21741,0
21742,0
21743,0
21744,0
21745,1
21746,0
21747,0
21748,0
21749,0
21750,1
21751,0
21752,0
21753,0
21754,0
21755,0
21756,0
21757,0
21758,0
21759,0
21760,0
21761,0
21762,0
21763,0
21764,0
21765,0
21766,0
21767,1
21768,1
21769,1
21770,0
21771,0
21772,0
21773,0
21774,0
21775,0
21776,0
21777,0
21778,0
21779,0
21780,0
21781,0
21782,0
21783,1
21784,1
21785,0
21786,1
21787,0
21788,0
21789,0
21790,0
21791,0
21792,0
21793,0
21794,0
21795,0
21796,0
21797,0
21798,0
21799,0
21800,1
21801,0
21802,1
21803,0
21804,0
21805,0
21806,0
21807,0
21808,0
21809,0
21810,0
21811,1
21812,0
21813,0
21814,0
21815,1
21816,0
21817,0
21818,0
21819,0
21820,1
21821,0
21822,0
21823,0
21824,0
21825,0
21826,0
21827,0
21828,0
21829,0
21830,0
21831,1
21832,0
21833,0
21834,0
21835,0
21836,0
21837,0
21838,1
21839,0
21840,0
21841,0
21842,0
21843,0
21844,0
21845,1
21846,0
21847,0
21848,0
21849,0
21850,1
21851,1
21852,0
21853,0
21854,0
21855,1
21856,0
21857,0
21858,0
21859,0
21860,0
21861,0
21862,0
21863,0
21864,1
21865,0
21866,0
21867,0
21868,0
21869,0
21870,1
21871,1
21872,0
21873,0
21874,1
21875,0
21876,0
21877,0
21878,0
21879,1
21880,0
21881,0
21882,0
21883,0
21884,0
21885,0
21886,0
21887,0
21888,0
21889,0
21890,0
21891,0
21892,0
21893,0
21894,0
21895,0
21896,0
21897,0
21898,0
21899,0
21900,0
21901,0
21902,0
21903,0
21904,0
21905,0
21906,1
21907,0
21908,0
21909,0
21910,0
21911,0
21912,0
21913,0
21914,0
21915,0
21916,0
21917,0
21918,1
21919,0
21920,0
21921,0
21922,0
21923,0
21924,1
21925,0
21926,0
21927,0
21928,0
21929,0
21930,0
21931,0
21932,0
21933,0
21934,0
21935,0
21936,0
21937,0
21938,0
21939,0
21940,0
21941,0
21942,0
21943,0
21944,1
21945,0
21946,0
21947,0
21948,0
21949,0
21950,0
21951,0
21952,0
21953,0
21954,0
21955,0
21956,1
21957,0
21958,0
21959,0
21960,1
21961,0
21962,1
21963,0
21964,0
21965,0
21966,0
21967,0
21968,0
21969,0
21970,0
21971,0
21972,0
21973,0
21974,0
21975,0
21976,0
21977,1
21978,0
21979,1
21980,0
21981,0
21982,0
21983,1
21984,0
21985,0
21986,0
21987,0
21988,0
21989,0
21990,0
21991,0
21992,0
21993,0
21994,0
21995,0
21996,0
21997,0
21998,0
21999,0
22000,0
22001,0
22002,0
22003,1
22004,0
22005,0
22006,1
22007,0
22008,0
22009,0
22010,1
22011,0
22012,0
22013,0
22014,0
22015,0
22016,0
22017,0
22018,1
22019,0
22020,0
22021,1
22022,0
22023,0
22024,0
22025,0
22026,1
22027,0
22028,0
22029,0
22030,1
22031,1
22032,0
22033,1
22034,0
22035,1
22036,1
22037,1
22038,0
22039,0
22040,0
22041,0
22042,0
22043,0
22044,0
22045,0
22046,0
22047,0
22048,0
22049,0
22050,0
22051,0
22052,1
22053,0
22054,0
22055,0
22056,0
22057,1
22058,1
22059,0
22060,1
22061,1
22062,0
22063,0
22064,0
22065,0
22066,0
22067,0
22068,0
22069,1
22070,1
22071,1
22072,0
22073,0
22074,0
22075,1
22076,1
22077,0
22078,0
22079,0
22080,0
22081,0
22082,0
22083,0
22084,0
22085,1
22086,0
22087,0
22088,1
22089,0
22090,0
22091,1
22092,0
22093,0
22094,0
22095,0
22096,1
22097,0
22098,1
22099,0
22100,1
22101,1
22102,0
22103,0
22104,1
22105,0
22106,0
22107,1
22108,0
22109,0
22110,1
22111,0
22112,0
22113,0
22114,0
22115,0
22116,0
22117,0
22118,0
22119,0
22120,0
22121,0
22122,0
22123,0
22124,0
22125,0
22126,0
22127,0
22128,0
22129,0
22130,0
22131,1
22132,0
22133,0
22134,0
22135,0
22136,0
22137,1
22138,0
22139,0
22140,1
22141,1
22142,0
22143,0
22144,1
22145,0
22146,0
22147,1
22148,1
22149,0
22150,0
22151,0
22152,1
22153,0
22154,0
22155,0
22156,0
22157,0
22158,0
22159,0
22160,0
22161,1
22162,0
22163,0
22164,0
22165,0
22166,0
22167,0
22168,1
22169,0
22170,0
22171,0
22172,0
22173,0
22174,0
22175,0
22176,0
22177,0
22178,0
22179,0
22180,0
22181,0
22182,0
22183,1
22184,0
22185,0
22186,0
22187,0
22188,0
22189,0
22190,0
22191,0
22192,0
22193,0
22194,0
22195,1
22196,0
22197,0
22198,0
22199,0
22200,1
22201,0
22202,0
22203,0
22204,0
22205,0
22206,0
22207,0
22208,0
22209,0
22210,0
22211,0
22212,1
22213,0
22214,0
22215,0
22216,0
22217,0
22218,0
22219,1
22220,1
22221,0
22222,0
22223,0
22224,0
22225,0
22226,0
22227,0
22228,0
22229,0
22230,0
22231,0
22232,0
22233,1
22234,0
22235,0
22236,0
22237,0
22238,0
22239,0
22240,0
22241,0
22242,0
22243,0
22244,0
22245,0
22246,0
22247,0
22248,1
22249,0
22250,0
22251,0
22252,0
22253,1
22254,1
22255,0
22256,0
22257,0
22258,0
22259,0
22260,1
22261,0
22262,0
22263,1
22264,0
22265,0
22266,0
22267,0
22268,0
22269,0
22270,0
22271,0
22272,0
22273,0
22274,0
22275,0
22276,0
22277,1
22278,0
22279,0
22280,0
22281,1
22282,0
22283,0
22284,0
22285,0
22286,0
22287,0
22288,0
22289,0
22290,0
22291,0
22292,1
22293,0
22294,0
22295,0
22296,0
22297,0
22298,0
22299,0
22300,0
22301,0
22302,0
22303,0
22304,0
22305,0
22306,0
22307,0
22308,0
22309,0
22310,1
22311,0
22312,0
22313,0
22314,1
22315,0
22316,0
22317,0
22318,0
22319,0
22320,0
22321,1
22322,0
22323,0
22324,0
22325,0
22326,0
22327,0
22328,0
22329,1
22330,0
22331,0
22332,1
22333,0
22334,0
22335,0
22336,0
22337,0
22338,0
22339,0
22340,1
22341,0
22342,0
22343,1
22344,0
22345,0
22346,0
22347,0
22348,0
22349,0
22350,0
22351,0
22352,0
22353,0
22354,0
22355,0
22356,0
22357,0
22358,0
22359,0
22360,0
22361,0
22362,0
22363,0
22364,0
22365,0
22366,0
22367,0
22368,0
22369,0
22370,0
22371,0
22372,0
22373,0
22374,0
22375,0
22376,1
22377,0
22378,0
22379,0
22380,1
22381,0
22382,0
22383,0
22384,0
22385,0
22386,1
22387,0
22388,0
22389,0
22390,0
22391,0
22392,0
22393,1
22394,0
22395,0
22396,0
22397,0
22398,0
22399,0
22400,0
22401,0
22402,0
22403,0
22404,0
22405,0
22406,0
22407,0
22408,0
22409,0
22410,0
22411,0
22412,0
22413,0
22414,0
22415,0
22416,0
22417,0
22418,0
22419,0
22420,0
22421,1
22422,0
22423,0
22424,1
22425,0
22426,0
22427,0
22428,0
22429,0
22430,0
22431,0
22432,0
22433,0
22434,0
22435,1
22436,1
22437,0
22438,0
22439,0
22440,0
22441,1
22442,0
22443,1
22444,0
22445,0
22446,0
22447,0
22448,0
22449,0
22450,0
22451,0
22452,0
22453,0
22454,0
22455,0
22456,0
22457,0
22458,0
22459,0
22460,0
22461,0
22462,0
22463,0
22464,0
22465,0
22466,0
22467,0
22468,0
22469,1
22470,0
22471,0
22472,1
22473,0
22474,0
22475,1
22476,1
22477,1
22478,0
22479,0
22480,0
22481,1
22482,0
22483,0
22484,0
22485,0
22486,1
22487,0
22488,0
22489,0
22490,1
22491,0
22492,0
22493,0
22494,0
22495,0
22496,0
22497,0
22498,0
22499,0
22500,1
22501,0
22502,0
22503,0
22504,1
22505,0
22506,0
22507,0
22508,0
22509,1
22510,0
22511,0
22512,1
22513,0
22514,0
22515,0
22516,0
22517,0
22518,0
22519,0
22520,0
22521,1
22522,1
22523,0
22524,0
22525,0
22526,0
22527,0
22528,0
22529,0
22530,0
22531,0
22532,1
22533,1
22534,0
22535,0
22536,0
22537,0
22538,0
22539,1
22540,0
22541,0
22542,1
22543,0
22544,0
22545,0
22546,0
22547,0
22548,1
22549,0
22550,0
22551,0
22552,1
22553,0
22554,0
22555,0
22556,0
22557,0
22558,0
22559,0
22560,0
22561,0
22562,0
22563,0
22564,0
22565,0
22566,0
22567,1
22568,0
22569,0
22570,0
22571,0
22572,0
22573,0
22574,0
22575,0
22576,0
22577,0
22578,0
22579,0
22580,0
22581,0
22582,0
22583,1
22584,0
22585,0
22586,0
22587,0
22588,0
22589,0
22590,0
22591,0
22592,0
22593,0
22594,0
22595,0
22596,0
22597,0
22598,1
22599,0
22600,1
22601,0
22602,0
22603,0
22604,0
22605,0
22606,0
22607,0
22608,0
22609,0
22610,0
22611,0
22612,0
22613,1
22614,1
22615,0
22616,0
22617,1
22618,0
22619,0
22620,0
22621,0
22622,1
22623,0
22624,0
22625,0
22626,0
22627,0
22628,0
22629,0
22630,0
22631,1
22632,0
22633,1
22634,0
22635,0
22636,1
22637,0
22638,0
22639,0
22640,0
22641,0
22642,0
22643,0
22644,0
22645,0
22646,0
22647,1
22648,1
22649,0
22650,0
22651,0
22652,0
22653,0
22654,0
22655,1
22656,1
22657,0
22658,0
22659,1
22660,0
22661,0
22662,1
22663,0
22664,0
22665,1
22666,0
22667,0
22668,0
22669,0
22670,0
22671,0
22672,0
22673,1
22674,0
22675,0
22676,0
22677,1
22678,0
22679,0
22680,0
22681,1
22682,1
22683,0
22684,0
22685,0
22686,0
22687,0
22688,0
22689,1
22690,1
22691,1
22692,0
22693,0
22694,0
22695,0
22696,0
22697,0
22698,1
22699,1
22700,0
22701,0
22702,0
22703,0
22704,0
22705,0
22706,1
22707,0
22708,0
22709,0
22710,0
22711,1
22712,1
22713,0
22714,0
22715,0
22716,1
22717,0
22718,0
22719,0
22720,0
22721,0
22722,0
22723,0
22724,1
22725,0
22726,0
22727,0
22728,0
22729,0
22730,0
22731,0
22732,0
22733,1
22734,0
22735,0
22736,0
22737,0
22738,0
22739,0
22740,0
22741,0
22742,0
22743,1
22744,0
22745,0
22746,0
22747,0
22748,0
22749,0
22750,0
22751,0
22752,0
22753,0
22754,0
22755,0
22756,0
22757,0
22758,0
22759,0
22760,1
22761,0
22762,1
22763,0
22764,0
22765,1
22766,0
22767,0
22768,0
22769,1
22770,0
22771,0
22772,1
22773,0
22774,0
22775,0
22776,0
22777,0
22778,1
22779,0
22780,0
22781,0
22782,1
22783,0
22784,0
22785,1
22786,0
22787,0
22788,0
22789,1
22790,0
22791,0
22792,0
22793,0
22794,0
22795,1
22796,0
22797,0
22798,0
22799,0
22800,0
22801,0
22802,0
22803,0
22804,0
22805,0
22806,0
22807,0
22808,0
22809,0
22810,0
22811,0
22812,0
22813,0
22814,0
22815,1
22816,0
22817,0
22818,0
22819,0
22820,1
22821,0
22822,0
22823,1
22824,0
22825,1
22826,0
22827,0
22828,1
22829,0
22830,0
22831,0
22832,0
22833,0
22834,0
22835,0
22836,0
22837,0
22838,0
22839,0
22840,1
22841,0
22842,0
22843,0
22844,0
22845,0
22846,0
22847,0
22848,0
22849,0
22850,1
22851,0
22852,0
22853,1
22854,1
22855,0
22856,0
22857,0
22858,0
22859,0
22860,1
22861,1
22862,0
22863,0
22864,0
22865,0
22866,0
22867,0
22868,0
22869,1
22870,0
22871,0
22872,1
22873,0
22874,0
22875,0
22876,0
22877,1
22878,1
22879,0
22880,0
22881,0
22882,1
22883,0
22884,0
22885,1
22886,0
22887,0
22888,0
22889,0
22890,0
22891,0
22892,0
22893,0
22894,0
22895,0
22896,0
22897,0
22898,0
22899,0
22900,0
22901,0
22902,0
22903,0
22904,0
22905,0
22906,0
22907,0
22908,0
22909,0
22910,0
22911,0
22912,0
22913,0
22914,0
22915,0
22916,0
22917,0
22918,0
22919,0
22920,0
22921,1
22922,0
22923,0
22924,1
22925,0
22926,0
22927,0
22928,0
22929,0
22930,0
22931,0
22932,0
22933,0
22934,0
22935,0
22936,0
22937,0
22938,0
22939,0
22940,0
22941,1
22942,0
22943,0
22944,0
22945,0
22946,0
22947,0
22948,0
22949,0
22950,1
22951,1
22952,0
22953,1
22954,0
22955,0
22956,0
22957,0
22958,0
22959,0
22960,0
22961,0
22962,0
22963,0
22964,0
22965,0
22966,0
22967,0
22968,0
22969,0
22970,0
22971,0
22972,0
22973,0
22974,0
22975,0
22976,0
22977,0
22978,0
22979,1
22980,0
22981,0
22982,1
22983,0
22984,0
22985,1
22986,0
22987,1
22988,0
22989,0
22990,1
22991,0
22992,0
22993,0
22994,0
22995,1
22996,1
22997,0
22998,0
22999,0
23000,0
23001,0
23002,0
23003,0
23004,0
23005,0
23006,0
23007,0
23008,0
23009,0
23010,0
23011,0
23012,0
23013,0
23014,0
23015,0
23016,0
23017,0
23018,0
23019,0
23020,0
23021,0
23022,0
23023,0
23024,0
23025,0
23026,0
23027,1
23028,1
23029,0
23030,0
23031,0
23032,1
23033,0
23034,0
23035,0
23036,0
23037,1
23038,0
23039,0
23040,0
23041,0
23042,0
23043,0
23044,0
23045,0
23046,0
23047,0
23048,0
23049,0
23050,0
23051,0
23052,0
23053,0
23054,0
23055,0
23056,0
23057,0
23058,0
23059,1
23060,0
23061,0
23062,0
23063,0
23064,0
23065,0
23066,0
23067,1
23068,0
23069,0
23070,1
23071,0
23072,0
23073,0
23074,0
23075,1
23076,0
23077,0
23078,1
23079,1
23080,0
23081,1
23082,0
23083,1
23084,0
23085,0
23086,0
23087,1
23088,0
23089,1
23090,0
23091,0
23092,0
23093,0
23094,0
23095,1
23096,0
23097,0
23098,0
23099,0
23100,0
23101,0
23102,0
23103,0
23104,0
23105,0
23106,0
23107,0
23108,1
23109,0
23110,1
23111,1
23112,0
23113,0
23114,0
23115,0
23116,0
23117,0
23118,0
23119,0
23120,0
23121,0
23122,0
23123,1
23124,0
23125,0
23126,1
23127,0
23128,1
23129,0
23130,0
23131,1
23132,0
23133,0
23134,0
23135,0
23136,0
23137,0
23138,0
23139,0
23140,0
23141,0
23142,0
23143,1
23144,0
23145,0
23146,0
23147,0
23148,0
23149,0
23150,1
23151,0
23152,0
23153,0
23154,0
23155,0
23156,0
23157,0
23158,0
23159,0
23160,0
23161,0
23162,1
23163,0
23164,0
23165,0
23166,0
23167,1
23168,0
23169,0
23170,0
23171,0
23172,0
23173,0
23174,0
23175,0
23176,0
23177,0
23178,0
23179,0
23180,1
23181,0
23182,0
23183,0
23184,1
23185,0
23186,0
23187,0
23188,0
23189,0
23190,0
23191,0
23192,0
23193,0
23194,0
23195,0
23196,0
23197,0
23198,0
23199,0
23200,0
23201,0
23202,0
23203,0
23204,0
23205,0
23206,0
23207,0
23208,0
23209,0
23210,0
23211,1
23212,0
23213,0
23214,0
23215,0
23216,0
23217,0
23218,0
23219,0
23220,1
23221,0
23222,0
23223,1
23224,0
23225,0
23226,0
23227,0
23228,1
23229,0
23230,1
23231,0
23232,0
23233,0
23234,0
23235,0
23236,1
23237,0
23238,0
23239,0
23240,0
23241,0
23242,0
23243,0
23244,0
23245,1
23246,0
23247,0
23248,0
23249,1
23250,1
23251,0
23252,1
23253,0
23254,1
23255,0
23256,0
23257,0
23258,0
23259,1
23260,0
23261,0
23262,0
23263,0
23264,0
23265,0
23266,0
23267,1
23268,0
23269,1
23270,0
23271,0
23272,0
23273,0
23274,0
23275,0
23276,1
23277,0
23278,0
23279,0
23280,0
23281,0
23282,0
23283,0
23284,0
23285,0
23286,0
23287,0
23288,0
23289,0
23290,0
23291,0
23292,0
23293,1
23294,0
23295,0
23296,0
23297,0
23298,0
23299,0
23300,0
23301,0
23302,0
23303,0
23304,1
23305,0
23306,0
23307,0
23308,0
23309,0
23310,0
23311,0
23312,0
23313,0
23314,0
23315,0
23316,0
23317,0
23318,0
23319,0
23320,0
23321,0
23322,0
23323,0
23324,1
23325,0
23326,0
23327,0
23328,0
23329,1
23330,0
23331,0
23332,0
23333,0
23334,1
23335,0
23336,1
23337,1
23338,0
23339,0
23340,0
23341,0
23342,0
23343,0
23344,0
23345,0
23346,0
23347,0
23348,0
23349,0
23350,0
23351,0
23352,0
23353,0
23354,0
23355,0
23356,0
23357,0
23358,0
23359,0
23360,0
23361,1
23362,0
23363,0
23364,0
23365,0
23366,0
23367,0
23368,0
23369,0
23370,0
23371,0
23372,0
23373,0
23374,0
23375,0
23376,0
23377,0
23378,0
23379,1
23380,0
23381,0
23382,0
23383,0
23384,0
23385,0
23386,0
23387,1
23388,0
23389,0
23390,0
23391,1
23392,0
23393,0
23394,0
23395,0
23396,0
23397,0
23398,0
23399,1
23400,0
23401,0
23402,1
23403,0
23404,0
23405,0
23406,0
23407,0
23408,0
23409,1
23410,0
23411,1
23412,1
23413,1
23414,0
23415,1
23416,0
23417,0
23418,1
23419,1
23420,0
23421,1
23422,1
23423,1
23424,0
23425,1
23426,0
23427,0
23428,0
23429,0
23430,0
23431,0
23432,0
23433,0
23434,0
23435,0
23436,0
23437,0
23438,0
23439,0
23440,0
23441,0
23442,0
23443,0
23444,0
23445,0
23446,0
23447,0
23448,0
23449,0
23450,1
23451,0
23452,0
23453,0
23454,0
23455,0
23456,0
23457,1
23458,0
23459,1
23460,0
23461,0
23462,0
23463,0
23464,0
23465,1
23466,0
23467,0
23468,0
23469,0
23470,0
23471,0
23472,0
23473,1
23474,1
23475,0
23476,0
23477,0
23478,1
23479,0
23480,0
23481,0
23482,0
23483,0
23484,0
23485,1
23486,0
23487,0
23488,0
23489,0
23490,1
23491,0
23492,0
23493,0
23494,0
23495,0
23496,0
23497,1
23498,0
23499,0
23500,0
23501,0
23502,0
23503,1
23504,1
23505,0
23506,0
23507,0
23508,0
23509,0
23510,0
23511,0
23512,0
23513,0
23514,0
23515,0
23516,0
23517,1
23518,0
23519,0
23520,1
23521,0
23522,0
23523,0
23524,0
23525,1
23526,0
23527,0
23528,0
23529,0
23530,0
23531,0
23532,1
23533,0
23534,1
23535,1
23536,0
23537,0
23538,1
23539,1
23540,0
23541,0
23542,1
23543,1
23544,1
23545,0
23546,0
23547,0
23548,0
23549,0
23550,1
23551,0
23552,0
23553,1
23554,1
23555,0
23556,1
23557,0
23558,0
23559,0
23560,0
23561,0
23562,0
23563,0
23564,0
23565,0
23566,0
23567,0
23568,1
23569,0
23570,1
23571,0
23572,1
23573,1
23574,0
23575,0
23576,0
23577,1
23578,0
23579,0
23580,0
23581,0
23582,0
23583,0
23584,0
23585,1
23586,1
23587,1
23588,0
23589,1
23590,0
23591,1
23592,0
23593,0
23594,0
23595,0
23596,0
23597,0
23598,1
23599,0
23600,0
23601,0
23602,1
23603,1
23604,1
23605,1
23606,0
23607,0
23608,0
23609,0
23610,0
23611,1
23612,0
23613,0
23614,0
23615,0
23616,0
23617,0
23618,1
23619,0
23620,0
23621,1
23622,0
23623,0
23624,1
23625,0
23626,0
23627,0
23628,0
23629,0
23630,0
23631,0
23632,0
23633,0
23634,0
23635,0
23636,0
23637,0
23638,0
23639,1
23640,0
23641,0
23642,1
23643,0
23644,0
23645,0
23646,0
23647,1
23648,0
23649,1
23650,0
23651,0
23652,0
23653,0
23654,0
23655,0
23656,0
23657,0
23658,0
23659,0
23660,0
23661,0
23662,0
23663,0
23664,0
23665,0
23666,0
23667,1
23668,0
23669,0
23670,0
23671,0
23672,0
23673,0
23674,1
23675,0
23676,0
23677,0
23678,0
23679,0
23680,0
23681,0
23682,1
23683,0
23684,0
23685,0
23686,0
23687,0
23688,0
23689,0
23690,1
23691,0
23692,0
23693,0
23694,0
23695,0
23696,0
23697,0
23698,0
23699,0
23700,0
23701,0
23702,0
23703,0
23704,0
23705,1
23706,1
23707,0
23708,0
23709,0
23710,0
23711,0
23712,0
23713,0
23714,0
23715,0
23716,0
23717,0
23718,0
23719,0
23720,0
23721,0
23722,0
23723,0
23724,0
23725,0
23726,0
23727,0
23728,0
23729,0
23730,0
23731,0
23732,1
23733,1
23734,1
23735,0
23736,1
23737,0
23738,0
23739,0
23740,1
23741,0
23742,0
23743,0
23744,0
23745,1
23746,0
23747,0
23748,0
23749,0
23750,0
23751,0
23752,1
23753,0
23754,1
23755,0
23756,0
23757,0
23758,0
23759,0
23760,0
23761,1
23762,0
23763,0
23764,0
23765,0
23766,1
23767,0
23768,1
23769,1
23770,0
23771,0
23772,1
23773,0
23774,0
23775,1
23776,0
23777,0
23778,0
23779,0
23780,0
23781,1
23782,0
23783,1
23784,1
23785,0
23786,0
23787,1
23788,1
23789,0
23790,0
23791,1
23792,0
23793,0
23794,0
23795,0
23796,0
23797,0
23798,0
23799,0
23800,0
23801,0
23802,0
23803,0
23804,0
23805,0
23806,0
23807,1
23808,0
23809,0
23810,0
23811,0
23812,0
23813,0
23814,0
23815,0
23816,0
23817,0
23818,0
23819,0
23820,0
23821,0
23822,0
23823,1
23824,0
23825,1
23826,0
23827,0
23828,0
23829,0
23830,0
23831,0
23832,0
23833,1
23834,0
23835,1
23836,0
23837,0
23838,0
23839,0
23840,0
23841,0
23842,0
23843,0
23844,0
23845,0
23846,1
23847,0
23848,0
23849,0
23850,0
23851,0
23852,0
23853,0
23854,1
23855,0
23856,1
23857,0
23858,0
23859,1
23860,0
23861,0
23862,0
23863,0
23864,0
23865,0
23866,1
23867,0
23868,1
23869,0
23870,0
23871,0
23872,0
23873,0
23874,0
23875,1
23876,0
23877,0
23878,0
23879,1
23880,0
23881,1
23882,0
23883,1
23884,1
23885,0
23886,1
23887,0
23888,0
23889,0
23890,0
23891,0
23892,0
23893,1
23894,0
23895,0
23896,1
23897,0
23898,0
23899,1
23900,0
23901,0
23902,0
23903,0
23904,0
23905,0
23906,0
23907,0
23908,0
23909,0
23910,0
23911,1
23912,0
23913,0
23914,0
23915,0
23916,1
23917,0
23918,0
23919,0
23920,0
23921,0
23922,0
23923,1
23924,0
23925,0
23926,0
23927,0
23928,0
23929,1
23930,0
23931,0
23932,0
23933,0
23934,0
23935,1
23936,0
23937,1
23938,0
23939,0
23940,0
23941,0
23942,0
23943,0
23944,0
23945,0
23946,0
23947,1
23948,0
23949,0
23950,0
23951,0
23952,0
23953,0
23954,0
23955,0
23956,0
23957,0
23958,1
23959,1
23960,0
23961,0
23962,0
23963,0
23964,0
23965,0
23966,1
23967,0
23968,0
23969,0
23970,0
23971,0
23972,0
23973,0
23974,0
23975,0
23976,0
23977,0
23978,1
23979,0
23980,0
23981,0
23982,0
23983,0
23984,0
23985,0
23986,0
23987,0
23988,1
23989,0
23990,0
23991,0
23992,0
23993,0
23994,0
23995,0
23996,1
23997,0
23998,1
23999,0
24000,0
24001,0
24002,0
24003,0
24004,0
24005,0
24006,0
24007,0
24008,0
24009,1
24010,0
24011,0
24012,0
24013,1
24014,0
24015,0
24016,0
24017,1
24018,0
24019,0
24020,0
24021,0
24022,0
24023,0
24024,0
24025,0
24026,0
24027,0
24028,0
24029,0
24030,0
24031,0
24032,0
24033,1
24034,0
24035,0
24036,0
24037,0
24038,0
24039,0
24040,0
24041,0
24042,0
24043,0
24044,0
24045,0
24046,1
24047,0
24048,0
24049,0
24050,0
24051,0
24052,0
24053,0
24054,0
24055,1
24056,1
24057,0
24058,0
24059,0
24060,0
24061,0
24062,0
24063,0
24064,0
24065,0
24066,0
24067,0
24068,0
24069,0
24070,0
24071,1
24072,0
24073,0
24074,0
24075,1
24076,0
24077,1
24078,0
24079,0
24080,0
24081,0
24082,0
24083,0
24084,0
24085,0
24086,0
24087,0
24088,1
24089,1
24090,0
24091,0
24092,0
24093,0
24094,0
24095,0
24096,0
24097,0
24098,0
24099,0
24100,0
24101,0
24102,0
24103,0
24104,0
24105,1
24106,0
24107,0
24108,0
24109,0
24110,0
24111,0
24112,1
24113,0
24114,0
24115,0
24116,1
24117,0
24118,0
24119,0
24120,0
24121,1
24122,0
24123,1
24124,0
24125,0
24126,0
24127,0
24128,0
24129,0
24130,0
24131,1
24132,0
24133,0
24134,0
24135,0
24136,1
24137,0
24138,0
24139,0
24140,0
24141,0
24142,0
24143,0
24144,1
24145,0
24146,0
24147,0
24148,1
24149,0
24150,0
24151,0
24152,0
24153,0
24154,0
24155,0
24156,0
24157,0
24158,0
24159,0
24160,1
24161,0
24162,0
24163,0
24164,0
24165,1
24166,0
24167,0
24168,0
24169,0
24170,0
24171,1
24172,0
24173,1
24174,0
24175,0
24176,1
24177,1
24178,0
24179,0
24180,1
24181,0
24182,0
24183,0
24184,0
24185,0
24186,0
24187,0
24188,0
24189,1
24190,0
24191,0
24192,0
24193,0
24194,0
24195,0
24196,0
24197,0
24198,0
24199,0
24200,0
24201,0
24202,0
24203,1
24204,0
24205,0
24206,0
24207,0
24208,0
24209,0
24210,0
24211,0
24212,1
24213,0
24214,0
24215,0
24216,0
24217,0
24218,0
24219,1
24220,0
24221,0
24222,0
24223,0
24224,0
24225,0
24226,0
24227,1
24228,0
24229,0
24230,0
24231,1
24232,0
24233,1
24234,0
24235,0
24236,0
24237,0
24238,0
24239,1
24240,0
24241,0
24242,0
24243,0
24244,0
24245,1
24246,0
24247,0
24248,0
24249,0
24250,1
24251,1
24252,0
24253,0
24254,1
24255,1
24256,0
24257,0
24258,1
24259,1
24260,0
24261,1
24262,1
24263,0
24264,0
24265,0
24266,0
24267,0
24268,0
24269,0
24270,0
24271,1
24272,0
24273,0
24274,1
24275,0
24276,0
24277,0
24278,0
24279,1
24280,0
24281,0
24282,0
24283,0
24284,0
24285,0
24286,0
24287,1
24288,0
24289,0
24290,1
24291,0
24292,0
24293,0
24294,1
24295,0
24296,0
24297,0
24298,1
24299,1
24300,0
24301,0
24302,0
24303,0
24304,0
24305,1
24306,0
24307,0
24308,0
24309,0
24310,0
24311,1
24312,0
24313,0
24314,0
24315,1
24316,1
24317,0
24318,0
24319,0
24320,0
24321,0
24322,0
24323,0
24324,0
24325,0
24326,0
24327,0
24328,0
24329,0
24330,0
24331,0
24332,1
24333,0
24334,1
24335,0
24336,0
24337,0
24338,0
24339,0
24340,0
24341,0
24342,0
24343,0
24344,0
24345,0
24346,1
24347,0
24348,0
24349,1
24350,0
24351,0
24352,0
24353,1
24354,0
24355,0
24356,1
24357,0
24358,0
24359,0
24360,0
24361,0
24362,0
24363,0
24364,1
24365,0
24366,1
24367,0
24368,0
24369,0
24370,0
24371,1
24372,0
24373,1
24374,1
24375,0
24376,0
24377,1
24378,0
24379,0
24380,0
24381,1
24382,1
24383,0
24384,0
24385,0
24386,1
24387,0
24388,1
24389,0
24390,0
24391,0
24392,0
24393,1
24394,0
24395,0
24396,0
24397,0
24398,0
24399,0
24400,0
24401,0
24402,0
24403,0
24404,0
24405,1
24406,0
24407,0
24408,1
24409,1
24410,0
24411,0
24412,0
24413,0
24414,1
24415,1
24416,1
24417,1
24418,1
24419,0
24420,1
24421,0
24422,1
24423,1
24424,0
24425,1
24426,0
24427,0
24428,0
24429,0
24430,1
24431,0
24432,0
24433,0
24434,0
24435,0
24436,0
24437,0
24438,0
24439,0
24440,1
24441,0
24442,1
24443,0
24444,1
24445,0
24446,0
24447,0
24448,1
24449,0
24450,0
24451,0
24452,0
24453,1
24454,0
24455,1
24456,0
24457,0
24458,0
24459,0
24460,0
24461,0
24462,0
24463,0
24464,1
24465,0
24466,0
24467,0
24468,1
24469,0
24470,0
24471,0
24472,0
24473,0
24474,1
24475,0
24476,0
24477,0
24478,0
24479,0
24480,1
24481,0
24482,0
24483,0
24484,1
24485,0
24486,0
24487,0
24488,0
24489,0
24490,0
24491,0
24492,1
24493,0
24494,0
24495,0
24496,0
24497,0
24498,0
24499,0
24500,0
24501,0
24502,0
24503,1
24504,0
24505,0
24506,0
24507,1
24508,1
24509,0
24510,0
24511,0
24512,0
24513,0
24514,0
24515,0
24516,0
24517,0
24518,0
24519,0
24520,0
24521,1
24522,0
24523,0
24524,0
24525,0
24526,0
24527,0
24528,0
24529,0
24530,0
24531,0
24532,1
24533,0
24534,0
24535,0
24536,0
24537,0
24538,0
24539,0
24540,0
24541,0
24542,0
24543,0
24544,0
24545,0
24546,0
24547,0
24548,0
24549,1
24550,0
24551,0
24552,0
24553,1
24554,0
24555,1
24556,0
24557,0
24558,0
24559,0
24560,0
24561,0
24562,0
24563,0
24564,0
24565,0
24566,0
24567,0
24568,1
24569,0
24570,0
24571,0
24572,1
24573,0
24574,0
24575,0
24576,1
24577,0
24578,0
24579,0
24580,0
24581,0
24582,0
24583,0
24584,0
24585,0
24586,0
24587,0
24588,0
24589,0
24590,0
24591,0
24592,0
24593,0
24594,0
24595,0
24596,0
24597,0
24598,0
24599,0
24600,0
24601,1
24602,0
24603,0
24604,0
24605,0
24606,0
24607,0
24608,0
24609,0
24610,0
24611,0
24612,0
24613,0
24614,0
24615,0
24616,0
24617,0
24618,0
24619,0
24620,1
24621,0
24622,0
24623,0
24624,0
24625,0
24626,0
24627,0
24628,0
24629,0
24630,1
24631,0
24632,0
24633,0
24634,0
24635,1
24636,0
24637,0
24638,0
24639,0
24640,0
24641,0
24642,0
24643,0
24644,0
24645,0
24646,0
24647,0
24648,0
24649,0
24650,0
24651,0
24652,0
24653,0
24654,0
24655,0
24656,1
24657,0
24658,0
24659,0
24660,0
24661,0
24662,0
24663,0
24664,0
24665,0
24666,0
24667,0
24668,0
24669,0
24670,0
24671,1
24672,0
24673,0
24674,0
24675,0
24676,0
24677,0
24678,1
24679,0
24680,0
24681,0
24682,0
24683,1
24684,0
24685,0
24686,0
24687,1
24688,0
24689,0
24690,0
24691,0
24692,0
24693,0
24694,0
24695,0
24696,0
24697,0
24698,0
24699,0
24700,0
24701,0
24702,1
24703,0
24704,0
24705,0
24706,0
24707,0
24708,0
24709,0
24710,0
24711,0
24712,0
24713,0
24714,0
24715,0
24716,0
24717,0
24718,1
24719,0
24720,1
24721,0
24722,0
24723,0
24724,0
24725,0
24726,1
24727,0
24728,0
24729,1
24730,0
24731,0
24732,1
24733,0
24734,1
24735,0
24736,0
24737,0
24738,1
24739,1
24740,0
24741,0
24742,0
24743,0
24744,0
24745,0
24746,0
24747,0
24748,0
24749,1
24750,0
24751,0
24752,0
24753,0
24754,0
24755,1
24756,0
24757,0
24758,0
24759,0
24760,0
24761,0
24762,0
24763,0
24764,0
24765,0
24766,0
24767,0
24768,1
24769,0
24770,0
24771,0
24772,0
24773,0
24774,0
24775,0
24776,0
24777,1
24778,0
24779,0
24780,0
24781,0
24782,1
24783,1
24784,0
24785,0
24786,0
24787,0
24788,0
24789,1
24790,1
24791,0
24792,0
24793,1
24794,0
24795,0
24796,0
24797,0
24798,0
24799,0
24800,0
24801,0
24802,1
24803,1
24804,0
24805,1
24806,1
24807,0
24808,0
24809,0
24810,0
24811,0
24812,0
24813,0
24814,0
24815,1
24816,0
24817,0
24818,0
24819,0
24820,0
24821,0
24822,0
24823,0
24824,0
24825,0
24826,0
24827,0
24828,0
24829,0
24830,0
24831,0
24832,0
24833,0
24834,0
24835,0
24836,0
24837,0
24838,0
24839,0
24840,0
24841,0
24842,0
24843,1
24844,1
24845,0
24846,0
24847,0
24848,0
24849,1
24850,0
24851,0
24852,0
24853,1
24854,0
24855,0
24856,0
24857,0
24858,1
24859,1
24860,0
24861,0
24862,0
24863,1
24864,1
24865,0
24866,0
24867,0
24868,0
24869,0
24870,0
24871,0
24872,0
24873,0
24874,1
24875,0
24876,0
24877,0
24878,1
24879,0
24880,0
24881,0
24882,1
24883,0
24884,1
24885,0
24886,0
24887,0
24888,0
24889,0
24890,0
24891,0
24892,1
24893,0
24894,0
24895,0
24896,0
24897,0
24898,0
24899,0
24900,1
24901,0
24902,1
24903,0
24904,0
24905,0
24906,1
24907,0
24908,0
24909,0
24910,0
24911,0
24912,0
24913,1
24914,0
24915,0
24916,1
24917,0
24918,0
24919,0
24920,1
24921,0
24922,0
24923,0
24924,0
24925,0
24926,1
24927,0
24928,0
24929,0
24930,1
24931,0
24932,1
24933,1
24934,1
24935,0
24936,0
24937,0
24938,0
24939,0
24940,0
24941,0
24942,0
24943,1
24944,1
24945,0
24946,0
24947,0
24948,0
24949,0
24950,0
24951,1
24952,0
24953,0
24954,1
24955,0
24956,0
24957,0
24958,1
24959,1
24960,1
24961,0
24962,0
24963,1
24964,0
24965,0
24966,0
24967,0
24968,0
24969,0
24970,1
24971,0
24972,0
24973,0
24974,0
24975,1
24976,0
24977,0
24978,0
24979,0
24980,0
24981,1
24982,0
24983,0
24984,0
24985,1
24986,0
24987,0
24988,0
24989,0
24990,0
24991,0
24992,0
24993,0
24994,0
24995,0
24996,0
24997,0
24998,0
24999,0
